Tournament,Surface,Court,Player_1,Player_2,ID_P1,ID_P2,Round,Date,Rank_1,Rank_2,Pts_1,Pts_2,Rank_Diff,Pts_Diff,Avg_Rank,Round_Ordinal,H2H_P1,H2H_P2,H2H_Diff,Form_Score_P1,Form_Score_P2,Form_Diff,Total_Games,Games_Class,Proba_ML_Player1_First_Set,Proba_ML_Player2_First_Set,Predicted_ML_First_Set_Winner,Confidence_ML,Proba_Elo_Player1_First_Set,Proba_Elo_Player2_First_Set,Predicted_Elo_First_Set_Winner
M25 Lujan ITF Men,clay,Outdoor,Kestelboim M.,Ratti L.,2BfFVH4T,xdrR3fug,1/16-finals,2025-03-26,491.0,1447.0,83.0,4.0,-956.0,79.0,969.0,,0,0,0,0.0,0.0,0.0,0,15-18,0.4581403897302046,0.5418596102697955,Ratti L.,8.37192205395908,0.5,0.5,Kestelboim M.
M25 Lujan ITF Men,clay,Outdoor,La Serna J. M.,De La Fuente S.,OUerK0bc,xMEO3dkb,1/16-finals,2025-03-26,573.0,880.0,61.0,21.0,-307.0,40.0,726.5,,0,0,0,0.0,0.0,0.0,0,15-18,0.4591135872267138,0.5408864127732862,De La Fuente S.,8.17728255465724,0.5,0.5,La Serna J. M.
M25 Lujan ITF Men,clay,Outdoor,Estevez J.,Bagnis F.,v3mDD6Cq,WpBznQ9s,1/16-finals,2025-03-26,576.0,400.0,61.0,119.0,176.0,-58.0,488.0,,0,0,0,0.0,0.0,0.0,0,15-18,0.41673079143643027,0.5832692085635698,Bagnis F.,16.653841712713945,0.4734587491338561,0.5265412508661439,Bagnis F.
M25 Lujan ITF Men,clay,Outdoor,Bruna N.,Cavallo F.,hEIDkKoL,WUwp7xKO,1/16-finals,2025-03-26,1150.0,995.0,9.0,15.0,155.0,-6.0,1072.5,,0,0,0,0.0,0.0,0.0,0,15-18,0.4038890535532814,0.5961109464467186,Cavallo F.,19.222189289343717,0.5,0.5,Bruna N.
M25 Lujan ITF Men,clay,Outdoor,Garay V.,Cigarran T.,AspJSEc3,EBRfRytK,1/16-finals,2025-03-26,1504.0,977.0,3.0,16.0,527.0,-13.0,1240.5,,0,0,0,0.0,0.0,0.0,0,15-18,0.40653046967404005,0.59346953032596,Cigarran T.,18.69390606519199,0.5,0.5,Garay V.
M25 Lujan ITF Men,clay,Outdoor,Pagani D.,Rodrigues P.,fotxRUu1,Es9YibKk,1/16-finals,2025-03-26,1584.0,1025.0,2.0,13.0,559.0,-11.0,1304.5,,0,0,0,0.0,0.0,0.0,0,15-18,0.4034933247201294,0.5965066752798707,Rodrigues P.,19.30133505597412,0.5,0.5,Pagani D.
M25 Lujan ITF Men,clay,Outdoor,Hess S.,Aguilar Cardozo J.,j3bfUX2q,rsXrDrGP,1/16-finals,2025-03-26,1067.0,864.0,12.0,22.0,203.0,-10.0,965.5,,0,0,0,0.0,0.0,0.0,0,15-18,0.4004124639994022,0.5995875360005978,Aguilar Cardozo J.,19.917507200119555,0.5,0.5,Hess S.
M25 Lujan ITF Men,clay,Outdoor,Midon L.,Bangoura S.,t6jmJKD3,nLdayj1P,1/16-finals,2025-03-26,307.0,1542.0,172.0,3.0,-1235.0,169.0,924.5,,0,0,0,0.0,0.0,0.0,0,15-18,0.46495471643195235,0.5350452835680477,Bangoura S.,7.00905671360953,0.5212513446055412,0.47874865539445877,Midon L.
W75 Vacaria ITF Women,clay (indoor),Outdoor,Bayerlova M.,Papamichail D.,S8Y5B5kc,lEp5rDFG,1/16-finals,2025-03-26,,,,,,,,,0,0,0,0.0,0.0,0.0,0,15-18,0.41722358849240965,0.5827764115075904,Papamichail D.,16.55528230151807,0.5,0.5,Bayerlova M.
W75 Vacaria ITF Women,clay (indoor),Outdoor,Pigossi L.,Ruggeri J.,l2FaZpEP,2HyunfM6,1/16-finals,2025-03-26,,,,,,,,,0,0,0,0.0,0.0,0.0,0,15-18,0.41722358849240965,0.5827764115075904,Ruggeri J.,16.55528230151807,0.5,0.5,Pigossi L.
W75 Vacaria ITF Women,clay (indoor),Outdoor,Tona M.,Jones F.,2wB7CMs9,OU6w8nNa,1/16-finals,2025-03-26,,,,,,,,,0,0,0,0.0,0.0,0.0,0,15-18,0.41722358849240965,0.5827764115075904,Jones F.,16.55528230151807,0.5,0.5,Tona M.
W75 Vacaria ITF Women,clay (indoor),Outdoor,Oliynykova O.,Herrero Linana A.,WSu6zx5t,tOEf0dHf,1/16-finals,2025-03-26,,,,,,,,,0,0,0,0.0,0.0,0.0,0,15-18,0.41722358849240965,0.5827764115075904,Herrero Linana A.,16.55528230151807,0.5,0.5,Oliynykova O.
W75 Vacaria ITF Women,clay (indoor),Outdoor,Pedretti T.,Gerald Gonzalez J. G.,fur43pmJ,vwL2eiQj,1/16-finals,2025-03-26,,,,,,,,,0,0,0,0.0,0.0,0.0,0,15-18,0.41722358849240965,0.5827764115075904,Gerald Gonzalez J. G.,16.55528230151807,0.5,0.5,Pedretti T.
W75 Vacaria ITF Women,clay (indoor),Outdoor,Fullana L.,Serban R.,v55cXYg7,E9EQl2sR,1/16-finals,2025-03-26,,,,,,,,,0,0,0,0.0,0.0,0.0,0,15-18,0.41722358849240965,0.5827764115075904,Serban R.,16.55528230151807,0.5,0.5,Fullana L.
W75 Vacaria ITF Women,clay (indoor),Outdoor,Ccuno R.,Zantedeschi A.,6B3cLZTF,KIRyWIvq,1/16-finals,2025-03-26,,,,,,,,,0,0,0,0.0,0.0,0.0,0,15-18,0.41722358849240965,0.5827764115075904,Zantedeschi A.,16.55528230151807,0.5,0.5,Ccuno R.
W75 Vacaria ITF Women,clay (indoor),Outdoor,Cherubini D.,Riera J.,ltparF2J,K4Sih0XH,1/16-finals,2025-03-26,,,,,,,,,0,0,0,0.0,0.0,0.0,0,15-18,0.41722358849240965,0.5827764115075904,Riera J.,16.55528230151807,0.5,0.5,Cherubini D.
W75 Vacaria ITF Women,clay (indoor),Outdoor,Kozyreva M.,Strakhova V.,vqjYeY1t,dO8fjQAB,1/16-finals,2025-03-26,,,,,,,,,0,0,0,0.0,0.0,0.0,0,15-18,0.41722358849240965,0.5827764115075904,Strakhova V.,16.55528230151807,0.5,0.5,Kozyreva M.
W50 Bujumbura ITF Women,clay,Outdoor,Reguer A.,Nahimana S.,E3vifwME,tbD17Az3,1/16-finals,2025-03-26,,,,,,,,,0,0,0,0.0,0.0,0.0,0,15-18,0.41722358849240965,0.5827764115075904,Nahimana S.,16.55528230151807,0.5,0.5,Reguer A.
W50 Bujumbura ITF Women,clay,Outdoor,Ureke A.,Yadlapalli P.,8Gac9DfK,Gnx2hAe1,1/16-finals,2025-03-26,,,,,,,,,0,0,0,0.0,0.0,0.0,0,15-18,0.41722358849240965,0.5827764115075904,Yadlapalli P.,16.55528230151807,0.5,0.5,Ureke A.
W50 Bujumbura ITF Women,clay,Outdoor,Dartron E.,Naito Y.,zw8Ilv1R,YgiiwIrA,1/16-finals,2025-03-26,,,,,,,,,0,0,0,0.0,0.0,0.0,0,15-18,0.41722358849240965,0.5827764115075904,Naito Y.,16.55528230151807,0.5,0.5,Dartron E.
W50 Bujumbura ITF Women,clay,Outdoor,Hoedt M.,Lew Yan Foon A.,zaFHvp8f,CvKf6QyA,1/16-finals,2025-03-26,,,,,,,,,0,0,0,0.0,0.0,0.0,0,15-18,0.41722358849240965,0.5827764115075904,Lew Yan Foon A.,16.55528230151807,0.5,0.5,Hoedt M.
W50 Bujumbura ITF Women,clay,Outdoor,Gimbrere J.,Leon S.,Y3xbVlDh,COFfZDNn,1/16-finals,2025-03-26,,,,,,,,,0,0,0,0.0,0.0,0.0,0,15-18,0.41722358849240965,0.5827764115075904,Leon S.,16.55528230151807,0.5,0.5,Gimbrere J.
W50 Bujumbura ITF Women,clay,Outdoor,Bhunu V.,Visscher S. J.,hfMLmmtr,6ornLmvN,1/16-finals,2025-03-26,,,,,,,,,0,0,0,0.0,0.0,0.0,0,15-18,0.41722358849240965,0.5827764115075904,Visscher S. J.,16.55528230151807,0.5,0.5,Bhunu V.
W50 Bujumbura ITF Women,clay,Outdoor,Reyngold E.,Zaytseva K.,lpjDUxQf,vyqrLx1t,1/16-finals,2025-03-26,,,,,,,,,0,0,0,0.0,0.0,0.0,0,15-18,0.41722358849240965,0.5827764115075904,Zaytseva K.,16.55528230151807,0.5,0.5,Reyngold E.
W50 Bujumbura ITF Women,clay,Outdoor,Job K. M.,Tran D.,xbbgw5af,8xcf0Nds,1/16-finals,2025-03-26,,,,,,,,,0,0,0,0.0,0.0,0.0,0,15-18,0.41722358849240965,0.5827764115075904,Tran D.,16.55528230151807,0.5,0.5,Job K. M.
W50 Bujumbura ITF Women,clay,Outdoor,Salvadori M.,Tran L.,hCz0hmH9,hnMwhKrA,1/16-finals,2025-03-26,,,,,,,,,0,0,0,0.0,0.0,0.0,0,15-18,0.41722358849240965,0.5827764115075904,Tran L.,16.55528230151807,0.5,0.5,Salvadori M.
Concepcion Chall. Men,clay,Outdoor,Pucinelli de Almeida M.,Galan D. E.,6J1eXqaF,jgzV6009,1/8-finals,2025-03-26,345.0,110.0,148.0,532.0,235.0,-384.0,227.5,,0,0,0,0.0,0.0,0.0,0,15-18,0.4346875246531379,0.5653124753468621,Galan D. E.,13.062495069372416,0.5038258109496228,0.49617418905037725,Pucinelli de Almeida M.
Concepcion Chall. Men,clay,Outdoor,Justo G. I.,Olivo R.,CjaTkiTr,xftLMguk,1/8-finals,2025-03-26,411.0,373.0,117.0,135.0,38.0,-18.0,392.0,,0,0,0,0.0,0.0,0.0,0,15-18,0.4363891810390889,0.563610818960911,Olivo R.,12.722163792182217,0.5309352267167438,0.46906477328325624,Justo G. I.
Concepcion Chall. Men,clay,Outdoor,Collarini A.,Olivieri G. A.,zuoQSpCN,lnHtsdAT,1/8-finals,2025-03-26,198.0,324.0,290.0,160.0,-126.0,130.0,261.0,,0,0,0,0.0,0.0,0.0,0,15-18,0.47412187109272086,0.5258781289072791,Olivieri G. A.,5.175625781455828,0.45292515056312727,0.5470748494368727,Olivieri G. A.
Concepcion Chall. Men,clay,Outdoor,Varillas J. P.,Kicker N.,SdnbvebA,SATGSBer,1/8-finals,2025-03-26,236.0,715.0,231.0,37.0,-479.0,194.0,475.5,,0,0,0,0.0,0.0,0.0,0,15-18,0.5053507818911539,0.4946492181088461,Varillas J. P.,1.07015637823078,0.5747632280787309,0.4252367719212691,Varillas J. P.
M15 Opatija ITF Men,clay,Outdoor,Popovic S.,Milic O.,86SsOMq6,06Zumgy7,1/16-finals,2025-03-26,445.0,1643.0,102.0,2.0,-1198.0,100.0,1044.0,,0,0,0,0.0,0.0,0.0,0,15-18,0.46151064062710656,0.5384893593728934,Milic O.,7.697871874578688,0.5,0.5,Popovic S.
M15 Opatija ITF Men,clay,Outdoor,Rybkin S.,Simundza J.,QHUvQ4YN,rNdizKtN,1/16-finals,2025-03-26,,887.0,,21.0,,,,,0,0,0,0.0,0.0,0.0,0,15-18,0.44637357415090345,0.5536264258490966,Simundza J.,10.72528516981931,0.5,0.5,Rybkin S.
M15 Opatija ITF Men,clay,Outdoor,Hallquist Lithen J.,Battiston A.,CGjZME8k,nVq6DVAK,1/16-finals,2025-03-26,925.0,1739.0,18.0,2.0,-814.0,16.0,1332.0,,0,0,0,0.0,0.0,0.0,0,15-18,0.45473597846615366,0.5452640215338463,Battiston A.,9.052804306769268,0.5,0.5,Hallquist Lithen J.
M15 Opatija ITF Men,clay,Outdoor,Madarasz G.,Obradovic D.,GYSzoU6R,WK1R8GsO,1/16-finals,2025-03-26,792.0,605.0,29.0,54.0,187.0,-25.0,698.5,,0,0,0,0.0,0.0,0.0,0,15-18,0.40059924914184075,0.5994007508581592,Obradovic D.,19.88015017163185,0.5,0.5,Madarasz G.
M15 Opatija ITF Men,clay,Outdoor,Sorger S.,Maksimovic M.,YVX2xrZ3,Kj4t2bvk,1/16-finals,2025-03-26,663.0,1147.0,45.0,9.0,-484.0,36.0,905.0,,0,0,0,0.0,0.0,0.0,0,15-18,0.44195762780569564,0.5580423721943044,Maksimovic M.,11.608474438860872,0.5,0.5,Sorger S.
M15 Opatija ITF Men,clay,Outdoor,Mashtakov N.,Kolar Z.,SC4vdKb1,rwvvD1sO,1/16-finals,2025-03-26,882.0,399.0,21.0,120.0,483.0,-99.0,640.5,,0,0,0,0.0,0.0,0.0,0,15-18,0.3943635616820739,0.605636438317926,Kolar Z.,21.127287663585214,0.5044210746520673,0.4955789253479327,Mashtakov N.
M15 Opatija ITF Men,clay,Outdoor,Bielinskyi V.,Blokhin N.,0zwUw7ae,KlsiVrhT,1/16-finals,2025-03-26,540.0,,69.0,,,,,,0,0,0,0.0,0.0,0.0,0,15-18,0.39509904517349187,0.6049009548265081,Blokhin N.,20.980190965301627,0.5,0.5,Bielinskyi V.
M15 Opatija ITF Men,clay,Outdoor,Ljubicic L.,Kupcic J.,nTvRyJSr,jakl92iG,1/16-finals,2025-03-26,,998.0,,15.0,,,,,0,0,0,0.0,0.0,0.0,0,15-18,0.44637357415090345,0.5536264258490966,Kupcic J.,10.72528516981931,0.5,0.5,Ljubicic L.
M15 Opatija ITF Men,clay,Outdoor,Kucera J.,Nedic A.,GUBaN5sq,xSEy3vPr,1/16-finals,2025-03-26,1400.0,555.0,4.0,65.0,845.0,-61.0,977.5,,0,0,0,0.0,0.0,0.0,0,15-18,0.42292725446807033,0.5770727455319297,Nedic A.,15.414549106385934,0.5,0.5,Kucera J.
M15 Opatija ITF Men,clay,Outdoor,Voljavec A.,Perez Contri S.,Y1EdzIAQ,nTs4uii1,1/16-finals,2025-03-26,1668.0,721.0,2.0,37.0,947.0,-35.0,1194.5,,0,0,0,0.0,0.0,0.0,0,15-18,0.4230750799235493,0.5769249200764507,Perez Contri S.,15.384984015290136,0.5,0.5,Voljavec A.
M15 Opatija ITF Men,clay,Outdoor,Ivanisevic E.,Krivoshchekov M.,QH43HhwS,MgR0ZKCl,1/16-finals,2025-03-26,,,,,,,,,0,0,0,0.0,0.0,0.0,0,15-18,0.41722358849240965,0.5827764115075904,Krivoshchekov M.,16.55528230151807,0.5,0.5,Ivanisevic E.
M15 Opatija ITF Men,clay,Outdoor,Ivanovski K.,Bonsach G. K.,8jFgmHi2,hxWKNTvQ,1/16-finals,2025-03-26,1325.0,781.0,5.0,30.0,544.0,-25.0,1053.0,,0,0,0,0.0,0.0,0.0,0,15-18,0.4131592242289378,0.5868407757710622,Bonsach G. K.,17.368155154212438,0.5,0.5,Ivanovski K.
M15 Opatija ITF Men,clay,Outdoor,Mikrut L.,Raquillet L.,Wv7XRRCI,6XFOXbPo,1/16-finals,2025-03-26,360.0,1153.0,141.0,9.0,-793.0,132.0,756.5,,0,0,0,0.0,0.0,0.0,0,15-18,0.4581272557752717,0.5418727442247283,Raquillet L.,8.37454884494566,0.47600495899844936,0.5239950410015506,Raquillet L.
M15 Opatija ITF Men,clay,Outdoor,Gschwendtner J.,Malesevic N.,jsSzo7Us,WMCiPFCQ,1/16-finals,2025-03-26,1124.0,,10.0,,,,,,0,0,0,0.0,0.0,0.0,0,15-18,0.3925901673537013,0.6074098326462987,Malesevic N.,21.481966529259743,0.5,0.5,Gschwendtner J.
M15 Opatija ITF Men,clay,Outdoor,Oberleitner N.,Fuele M.,C02ZcN0K,lz7cCFvD,1/16-finals,2025-03-26,431.0,1373.0,110.0,4.0,-942.0,106.0,902.0,,0,0,0,0.0,0.0,0.0,0,15-18,0.45157383471102025,0.5484261652889797,Fuele M.,9.68523305779595,0.5,0.5,Oberleitner N.
M15 Opatija ITF Men,clay,Outdoor,Basic N.,Vrbensky M.,SQf6b5n4,CAHWb37o,1/16-finals,2025-03-26,929.0,406.0,18.0,118.0,523.0,-100.0,667.5,,0,0,0,0.0,0.0,0.0,0,15-18,0.40023944308450893,0.5997605569154911,Vrbensky M.,19.952111383098213,0.5128862320862321,0.4871137679137679,Basic N.
M15 Alaminos 3 ITF Men,clay,Outdoor,Ivanov I.,Cazacu D. N.,bF6qCIGF,Ys8BgO2B,1/16-finals,2025-03-26,,828.0,,25.0,,,,,0,0,0,0.0,0.0,0.0,0,15-18,0.44637357415090345,0.5536264258490966,Cazacu D. N.,10.72528516981931,0.5,0.5,Ivanov I.
M15 Alaminos 3 ITF Men,clay,Outdoor,Nagel A.,Bacaloni A.,6eO0SM8J,C0oZl1Vf,1/16-finals,2025-03-26,994.0,1372.0,15.0,5.0,-378.0,10.0,1183.0,,0,0,0,0.0,0.0,0.0,0,15-18,0.4547770929563672,0.5452229070436327,Bacaloni A.,9.04458140872656,0.5,0.5,Nagel A.
M15 Alaminos 3 ITF Men,clay,Outdoor,Parizzia N.,Wazny A.,zPzGK6wK,biMQYYD6,1/16-finals,2025-03-26,1423.0,,4.0,,,,,,0,0,0,0.0,0.0,0.0,0,15-18,0.3925901673537013,0.6074098326462987,Wazny A.,21.481966529259743,0.5,0.5,Parizzia N.
M15 Alaminos 3 ITF Men,clay,Outdoor,Rivet M.,Noce G. M.,WlznU7Za,r7oqXqGP,1/16-finals,2025-03-26,699.0,851.0,40.0,23.0,-152.0,17.0,775.0,,0,0,0,0.0,0.0,0.0,0,15-18,0.4519404638105235,0.5480595361894764,Noce G. M.,9.6119072378953,0.5,0.5,Rivet M.
M15 Alaminos 3 ITF Men,clay,Outdoor,Fiorentini A.,Hopp M.,fTVCv9L2,E7xc6a95,1/16-finals,2025-03-26,988.0,1187.0,15.0,8.0,-199.0,7.0,1087.5,,0,0,0,0.0,0.0,0.0,0,15-18,0.45134346080876053,0.5486565391912395,Hopp M.,9.731307838247893,0.5,0.5,Fiorentini A.
M15 Alaminos 3 ITF Men,clay,Outdoor,Photiades P.,Honda N.,6kzrlteN,pC2uDb19,1/16-finals,2025-03-26,,845.0,,23.0,,,,,0,0,0,0.0,0.0,0.0,0,15-18,0.44637357415090345,0.5536264258490966,Honda N.,10.72528516981931,0.5,0.5,Photiades P.
M15 Alaminos 3 ITF Men,clay,Outdoor,Ionel N. D.,Biondolillo G.,rZoAMC0F,Wd4fwNbr,1/16-finals,2025-03-26,364.0,,139.0,,,,,,0,0,0,0.0,0.0,0.0,0,15-18,0.38867628924220554,0.6113237107577945,Biondolillo G.,22.26474215155889,0.5,0.5,Ionel N. D.
M15 Alaminos 3 ITF Men,clay,Outdoor,Broska F.,Efstathiou M.,8K76hSpA,pCP9mPxp,1/16-finals,2025-03-26,503.0,1018.0,79.0,14.0,-515.0,65.0,760.5,,0,0,0,0.0,0.0,0.0,0,15-18,0.4583920450031626,0.5416079549968373,Efstathiou M.,8.321590999367478,0.5,0.5,Broska F.
M15 Alaminos 3 ITF Men,clay,Outdoor,Campbell N.,D'Agostino S.,GMvGztso,C08PWPwb,1/16-finals,2025-03-26,,819.0,,26.0,,,,,0,0,0,0.0,0.0,0.0,0,15-18,0.44637357415090345,0.5536264258490966,D'Agostino S.,10.72528516981931,0.5,0.5,Campbell N.
M15 Alaminos 3 ITF Men,clay,Outdoor,Hannestad B.,Timini A.,dj37reBs,ribEixGQ,1/16-finals,2025-03-26,1334.0,1547.0,5.0,3.0,-213.0,2.0,1440.5,,0,0,0,0.0,0.0,0.0,0,15-18,0.45157773274101026,0.5484222672589898,Timini A.,9.684453451797948,0.5,0.5,Hannestad B.
M15 Alaminos 3 ITF Men,clay,Outdoor,Fabre A.,Boitan G. A.,GYivpAoO,0Y4LAw2l,1/16-finals,2025-03-26,,379.0,,131.0,,,,,0,0,0,0.0,0.0,0.0,0,15-18,0.4495272397051404,0.5504727602948596,Boitan G. A.,10.094552058971917,0.5,0.5,Fabre A.
M15 Alaminos 3 ITF Men,clay,Outdoor,Lane L.,Pankin S.,I3n8uQMT,AqOZJFvK,1/16-finals,2025-03-26,1442.0,1006.0,4.0,14.0,436.0,-10.0,1224.0,,0,0,0,0.0,0.0,0.0,0,15-18,0.4037345903620498,0.5962654096379503,Pankin S.,19.253081927590042,0.5,0.5,Lane L.
W15 Alaminos 3 ITF Women,clay,Outdoor,Andronicou N.,Bakhmutkina P.,d6WaEyia,KOUAxQ2S,1/16-finals,2025-03-26,,,,,,,,,0,0,0,0.0,0.0,0.0,0,15-18,0.41722358849240965,0.5827764115075904,Bakhmutkina P.,16.55528230151807,0.5,0.5,Andronicou N.
W15 Alaminos 3 ITF Women,clay,Outdoor,Duerst J.,Gram O.,ppuj2p3L,6eP2G2mL,1/16-finals,2025-03-26,,,,,,,,,0,0,0,0.0,0.0,0.0,0,15-18,0.41722358849240965,0.5827764115075904,Gram O.,16.55528230151807,0.5,0.5,Duerst J.
W15 Alaminos 3 ITF Women,clay,Outdoor,Veleva V.,Simion O.,WERggXph,QVBmMmoq,1/16-finals,2025-03-26,,,,,,,,,0,0,0,0.0,0.0,0.0,0,15-18,0.41722358849240965,0.5827764115075904,Simion O.,16.55528230151807,0.5,0.5,Veleva V.
W15 Alaminos 3 ITF Women,clay,Outdoor,Parentini G.,Squarcialupi G.,K83JhMIo,6JHeJHhF,1/16-finals,2025-03-26,,,,,,,,,0,0,0,0.0,0.0,0.0,0,15-18,0.41722358849240965,0.5827764115075904,Squarcialupi G.,16.55528230151807,0.5,0.5,Parentini G.
W15 Alaminos 3 ITF Women,clay,Outdoor,Nagy A.,Gandolfi F.,KppOkDfr,0EyaDiIr,1/16-finals,2025-03-26,,,,,,,,,0,0,0,0.0,0.0,0.0,0,15-18,0.41722358849240965,0.5827764115075904,Gandolfi F.,16.55528230151807,0.5,0.5,Nagy A.
W15 Alaminos 3 ITF Women,clay,Outdoor,Fetecau I.,Pochtovyk K.,88JkTZXP,dzfKzsi1,1/16-finals,2025-03-26,,,,,,,,,0,0,0,0.0,0.0,0.0,0,15-18,0.41722358849240965,0.5827764115075904,Pochtovyk K.,16.55528230151807,0.5,0.5,Fetecau I.
W15 Alaminos 3 ITF Women,clay,Outdoor,Vasilyeva A.,Puiac A. L.,KtK3eh8B,Cn81PM8B,1/16-finals,2025-03-26,,,,,,,,,0,0,0,0.0,0.0,0.0,0,15-18,0.41722358849240965,0.5827764115075904,Puiac A. L.,16.55528230151807,0.5,0.5,Vasilyeva A.
W15 Alaminos 3 ITF Women,clay,Outdoor,Udvardy L.,Breen S.,M3bWRDGt,SdeCPdYq,,2025-03-26,,,,,,,,,0,0,0,0.0,0.0,0.0,0,15-18,0.4204987478401024,0.5795012521598977,Breen S.,15.900250431979524,0.5,0.5,Udvardy L.
W15 Alaminos 3 ITF Women,clay,Outdoor,Adascalitei A. C.,Breen S.,AugIwGsm,SdeCPdYq,1/16-finals,2025-03-26,,,,,,,,,0,0,0,0.0,0.0,0.0,0,15-18,0.41722358849240965,0.5827764115075904,Breen S.,16.55528230151807,0.5,0.5,Adascalitei A. C.
W15 Alaminos 3 ITF Women,clay,Outdoor,Kuznetsova E.,Ricci B.,4E6XfaLk,8bGfUqTM,1/16-finals,2025-03-26,,,,,,,,,0,0,0,0.0,0.0,0.0,0,15-18,0.41722358849240965,0.5827764115075904,Ricci B.,16.55528230151807,0.5,0.5,Kuznetsova E.
W15 Alaminos 3 ITF Women,clay,Outdoor,Ekshibarova V.,Sagmar I.,M70Kn5t7,rgiQyfCa,1/16-finals,2025-03-26,,,,,,,,,0,0,0,0.0,0.0,0.0,0,15-18,0.41722358849240965,0.5827764115075904,Sagmar I.,16.55528230151807,0.5,0.5,Ekshibarova V.
W15 Alaminos 3 ITF Women,clay,Outdoor,Firman A.,Siopacha M.,tOgpGk0f,6L2tYOjo,1/16-finals,2025-03-26,,,,,,,,,0,0,0,0.0,0.0,0.0,0,15-18,0.41722358849240965,0.5827764115075904,Siopacha M.,16.55528230151807,0.5,0.5,Firman A.
M25 Santo Domingo 2 ITF Men,hard,Outdoor,Cid Subervi R.,Van Orderlain D.,CEMftmEG,r5Knp4CG,1/16-finals,2025-03-26,450.0,1241.0,98.0,7.0,-791.0,91.0,845.5,,0,0,0,0.0,0.0,0.0,0,15-18,0.458122354432979,0.541877645567021,Van Orderlain D.,8.375529113404202,0.5,0.5,Cid Subervi R.
M25 Santo Domingo 2 ITF Men,hard,Outdoor,Dougaz A.,Flores J.,0YI8tRD1,0CTefcu8,1/16-finals,2025-03-26,206.0,896.0,277.0,20.0,-690.0,257.0,551.0,,0,0,0,0.0,0.0,0.0,0,15-18,0.4790065068972151,0.5209934931027849,Flores J.,4.198698620556984,0.44455805396803744,0.5554419460319626,Flores J.
M25 Santo Domingo 2 ITF Men,hard,Outdoor,Govila A.,Ross J.,CrIH2KNA,l0yAhRAl,1/16-finals,2025-03-26,1791.0,1125.0,1.0,10.0,666.0,-9.0,1458.0,,0,0,0,0.0,0.0,0.0,0,15-18,0.3971729268580729,0.6028270731419271,Ross J.,20.565414628385415,0.5,0.5,Govila A.
M25 Santo Domingo 2 ITF Men,hard,Outdoor,Lapadat J.,Bertran P.,rwY3WpTr,xG1pDfib,1/16-finals,2025-03-26,1494.0,469.0,3.0,89.0,1025.0,-86.0,981.5,,0,0,0,0.0,0.0,0.0,0,15-18,0.42042699750606527,0.5795730024939347,Bertran P.,15.914600498786946,0.5,0.5,Lapadat J.
M25 Santo Domingo 2 ITF Men,hard,Outdoor,McHugh A.,George B. T.,6mqo5tyC,8jkaOzPA,1/16-finals,2025-03-26,470.0,949.0,88.0,17.0,-479.0,71.0,709.5,,0,0,0,0.0,0.0,0.0,0,15-18,0.46841131858862284,0.5315886814113772,George B. T.,6.317736282275432,0.5,0.5,McHugh A.
M25 Santo Domingo 2 ITF Men,hard,Outdoor,Muamba N.,Burdet A.,hbnMacPT,AFdrt6oC,1/16-finals,2025-03-26,1528.0,1881.0,3.0,1.0,-353.0,2.0,1704.5,,0,0,0,0.0,0.0,0.0,0,15-18,0.4581709394546179,0.5418290605453822,Burdet A.,8.36581210907642,0.5,0.5,Muamba N.
M25 Santo Domingo 2 ITF Men,hard,Outdoor,Stice T.,Arseneault N.,tADGocmM,GYqn0WJb,1/16-finals,2025-03-26,860.0,1082.0,22.0,11.0,-222.0,11.0,971.0,,0,0,0,0.0,0.0,0.0,0,15-18,0.4549758107025264,0.5450241892974736,Arseneault N.,9.00483785949472,0.5,0.5,Stice T.
M25 Santo Domingo 2 ITF Men,hard,Outdoor,Arseneault M.,Vasser O.,AeqjajZ4,fwAGPMY9,1/16-finals,2025-03-26,1432.0,2140.0,4.0,1.0,-708.0,3.0,1786.0,,0,0,0,0.0,0.0,0.0,0,15-18,0.45812982496440424,0.5418701750355958,Vasser O.,8.37403500711915,0.5,0.5,Arseneault M.
M25 Santo Domingo 2 ITF Men,hard,Outdoor,Barreiros Reyes M.,Brunclik P.,UoUqKLtE,jVnKvEsp,1/16-finals,2025-03-26,648.0,863.0,47.0,22.0,-215.0,25.0,755.5,,0,0,0,0.0,0.0,0.0,0,15-18,0.44850162916361447,0.5514983708363855,Brunclik P.,10.299674167277107,0.5,0.5,Barreiros Reyes M.
M25 Santo Domingo 2 ITF Men,hard,Outdoor,Hurrion M.,Evans G.,IcTmRIBf,l8iYsFRb,1/16-finals,2025-03-26,822.0,1407.0,25.0,4.0,-585.0,21.0,1114.5,,0,0,0,0.0,0.0,0.0,0,15-18,0.44502987198088173,0.5549701280191183,Evans G.,10.994025603823655,0.5,0.5,Hurrion M.
M25 Santo Domingo 2 ITF Men,hard,Outdoor,Klier Junior G.,Damm M.,IHPjQLNh,vX7WOXtP,1/16-finals,2025-03-26,1046.0,468.0,12.0,89.0,578.0,-77.0,757.0,,0,0,0,0.0,0.0,0.0,0,15-18,0.4006592540777527,0.5993407459222473,Damm M.,19.868149184449457,0.5916724834088387,0.4083275165911613,Klier Junior G.
M25 Santo Domingo 2 ITF Men,hard,Outdoor,Ribeiro E.,Munoz E.,ObAxbvT5,b1RpkmBM,1/16-finals,2025-03-26,598.0,,56.0,,,,,,0,0,0,0.0,0.0,0.0,0,15-18,0.39509904517349187,0.6049009548265081,Munoz E.,20.980190965301627,0.5,0.5,Ribeiro E.
W50 Santo Domingo 2 ITF Women,hard,Outdoor,Brace C.,Tan H.,ILn43dk2,vqOqBe0i,1/16-finals,2025-03-26,,,,,,,,,0,0,0,0.0,0.0,0.0,0,15-18,0.41722358849240965,0.5827764115075904,Tan H.,16.55528230151807,0.5,0.5,Brace C.
W50 Santo Domingo 2 ITF Women,hard,Outdoor,Branstine C.,Lim J.,S8vyAxRf,YT8aUj0p,1/16-finals,2025-03-26,,,,,,,,,0,0,0,0.0,0.0,0.0,0,15-18,0.41722358849240965,0.5827764115075904,Lim J.,16.55528230151807,0.5,0.5,Branstine C.
W50 Santo Domingo 2 ITF Women,hard,Outdoor,Burgic E.,Cross K.,YXq37QRe,bNv93cUs,1/16-finals,2025-03-26,,,,,,,,,0,0,0,0.0,0.0,0.0,0,15-18,0.41722358849240965,0.5827764115075904,Cross K.,16.55528230151807,0.5,0.5,Burgic E.
W50 Santo Domingo 2 ITF Women,hard,Outdoor,Fung S.,Daavettila S.,IyCuT8lL,GMSQvTER,1/16-finals,2025-03-26,,,,,,,,,0,0,0,0.0,0.0,0.0,0,15-18,0.41722358849240965,0.5827764115075904,Daavettila S.,16.55528230151807,0.5,0.5,Fung S.
W50 Santo Domingo 2 ITF Women,hard,Outdoor,Tikhonova A.,Boskovic L.,YDVzHVuJ,YDN2k7yT,1/16-finals,2025-03-26,,,,,,,,,0,0,0,0.0,0.0,0.0,0,15-18,0.41722358849240965,0.5827764115075904,Boskovic L.,16.55528230151807,0.5,0.5,Tikhonova A.
W50 Santo Domingo 2 ITF Women,hard,Outdoor,Ito A.,Helgo M.,fg8WB6JC,6oEs5hsA,1/16-finals,2025-03-26,,,,,,,,,0,0,0,0.0,0.0,0.0,0,15-18,0.41722358849240965,0.5827764115075904,Helgo M.,16.55528230151807,0.5,0.5,Ito A.
W50 Santo Domingo 2 ITF Women,hard,Outdoor,Kalieva E.,Akli A.,8MpH36Na,lYIXolpg,1/16-finals,2025-03-26,,,,,,,,,0,0,0,0.0,0.0,0.0,0,15-18,0.41722358849240965,0.5827764115075904,Akli A.,16.55528230151807,0.5,0.5,Kalieva E.
W50 Santo Domingo 2 ITF Women,hard,Outdoor,Rodriguez V.,Banks A.,baNcJtnh,pWwx5ylk,1/16-finals,2025-03-26,,,,,,,,,0,0,0,0.0,0.0,0.0,0,15-18,0.41722358849240965,0.5827764115075904,Banks A.,16.55528230151807,0.5,0.5,Rodriguez V.
W50 Santo Domingo 2 ITF Women,hard,Outdoor,Guerrero Alvarez E.,Jorge F.,WUf6std4,vyOa8QgA,1/16-finals,2025-03-26,,,,,,,,,0,0,0,0.0,0.0,0.0,0,15-18,0.41722358849240965,0.5827764115075904,Jorge F.,16.55528230151807,0.5,0.5,Guerrero Alvarez E.
W50 Santo Domingo 2 ITF Women,hard,Outdoor,Mateas M.,McDonald E.,AqzhGvlR,pOESWIvh,1/16-finals,2025-03-26,,,,,,,,,0,0,0,0.0,0.0,0.0,0,15-18,0.41722358849240965,0.5827764115075904,McDonald E.,16.55528230151807,0.5,0.5,Mateas M.
W50 Santo Domingo 2 ITF Women,hard,Outdoor,Ngounoue C.,Sieg M.,dlm9zwW5,G66hUeX6,1/16-finals,2025-03-26,,,,,,,,,0,0,0,0.0,0.0,0.0,0,15-18,0.41722358849240965,0.5827764115075904,Sieg M.,16.55528230151807,0.5,0.5,Ngounoue C.
W50 Santo Domingo 2 ITF Women,hard,Outdoor,Sanchez A. S.,Jorge M.,zZiiCAEg,dbDr0LD8,1/16-finals,2025-03-26,,,,,,,,,0,0,0,0.0,0.0,0.0,0,15-18,0.41722358849240965,0.5827764115075904,Jorge M.,16.55528230151807,0.5,0.5,Sanchez A. S.
W50 Santo Domingo 2 ITF Women,hard,Outdoor,Sonobe W.,Ishii S.,fqDTTLYa,GKr3Pq9i,1/16-finals,2025-03-26,,,,,,,,,0,0,0,0.0,0.0,0.0,0,15-18,0.41722358849240965,0.5827764115075904,Ishii S.,16.55528230151807,0.5,0.5,Sonobe W.
W50 Santo Domingo 2 ITF Women,hard,Outdoor,Tkacheva M.,Ma L.,C6LIOynL,QDN44n8g,1/16-finals,2025-03-26,,,,,,,,,0,0,0,0.0,0.0,0.0,0,15-18,0.41722358849240965,0.5827764115075904,Ma L.,16.55528230151807,0.5,0.5,Tkacheva M.
W50 Santo Domingo 2 ITF Women,hard,Outdoor,Urhobo A.,Loeb J.,OWWpdkTo,dnuFIN0K,1/16-finals,2025-03-26,,,,,,,,,0,0,0,0.0,0.0,0.0,0,15-18,0.41722358849240965,0.5827764115075904,Loeb J.,16.55528230151807,0.5,0.5,Urhobo A.
W50 Santo Domingo 2 ITF Women,hard,Outdoor,Yamalapalli S.,Vandewinkel H.,UZAhfYfD,Qw6Rciy8,1/16-finals,2025-03-26,,,,,,,,,0,0,0,0.0,0.0,0.0,0,15-18,0.41722358849240965,0.5827764115075904,Vandewinkel H.,16.55528230151807,0.5,0.5,Yamalapalli S.
M15 Sharm ElSheikh 9 ITF Men,hard,Outdoor,Adesalu N.,Ursu V.,jmwzUk8S,ENsOeB1H,1/16-finals,2025-03-26,,420.0,,114.0,,,,,0,0,0,0.0,0.0,0.0,0,15-18,0.44636766513913956,0.5536323348608605,Ursu V.,10.726466972172089,0.5,0.5,Adesalu N.
M15 Sharm ElSheikh 9 ITF Men,hard,Outdoor,Elsayed A.,Zhzhenov K.,QNdYa78o,SGLJ8Bkm,1/16-finals,2025-03-26,689.0,1965.0,41.0,1.0,-1276.0,40.0,1327.0,,0,0,0,0.0,0.0,0.0,0,15-18,0.45835662636522867,0.5416433736347713,Zhzhenov K.,8.328674726954265,0.5,0.5,Elsayed A.
M15 Sharm ElSheikh 9 ITF Men,hard,Outdoor,Waldner N.,Konovchuk V.,xz4TEIlg,rBz6gU9h,1/16-finals,2025-03-26,1370.0,1965.0,5.0,1.0,-595.0,4.0,1667.5,,0,0,0,0.0,0.0,0.0,0,15-18,0.4515764039001528,0.5484235960998471,Konovchuk V.,9.68471921996944,0.5,0.5,Waldner N.
M15 Sharm ElSheikh 9 ITF Men,hard,Outdoor,Herman L.,Bassem Sobhy M.,COCrICEH,tzDJdud6,1/16-finals,2025-03-26,1520.0,936.0,3.0,18.0,584.0,-15.0,1228.0,,0,0,0,0.0,0.0,0.0,0,15-18,0.4034933247201294,0.5965066752798707,Bassem Sobhy M.,19.30133505597412,0.5,0.5,Herman L.
M15 Sharm ElSheikh 9 ITF Men,hard,Outdoor,Gengel M.,Ouzilou H.,bFThaUAS,tKaWBeMu,1/16-finals,2025-03-26,237.0,1965.0,230.0,1.0,-1728.0,229.0,1101.0,,0,0,0,0.0,0.0,0.0,0,15-18,0.47188461158812256,0.5281153884118774,Ouzilou H.,5.623077682375488,0.5,0.5,Gengel M.
M15 Sharm ElSheikh 9 ITF Men,hard,Outdoor,Ibrahim K.,Moroni F.,vFVYOrwQ,U33YqHNl,1/16-finals,2025-03-26,1581.0,1181.0,3.0,8.0,400.0,-5.0,1381.0,,0,0,0,0.0,0.0,0.0,0,15-18,0.39105217927394953,0.6089478207260505,Moroni F.,21.789564145210093,0.5,0.5,Ibrahim K.
M15 Sharm ElSheikh 9 ITF Men,hard,Outdoor,Arutiunian E.,Poritskyy A.,MF4g5i1o,vwlOqWYS,1/16-finals,2025-03-26,601.0,,56.0,,,,,,0,0,0,0.0,0.0,0.0,0,15-18,0.39509904517349187,0.6049009548265081,Poritskyy A.,20.980190965301627,0.5,0.5,Arutiunian E.
M15 Sharm ElSheikh 9 ITF Men,hard,Outdoor,Qabazard E.,Zakaria F.,xQ2ku67M,4d70BiXI,1/16-finals,2025-03-26,2033.0,753.0,1.0,33.0,1280.0,-32.0,1393.0,,0,0,0,0.0,0.0,0.0,0,15-18,0.41987439086733486,0.5801256091326652,Zakaria F.,16.025121826533027,0.5,0.5,Qabazard E.
M15 Sharm ElSheikh 9 ITF Men,hard,Outdoor,Krajci M.,Brown P.,UPs5Qw3f,rDYLNOlQ,1/16-finals,2025-03-26,1065.0,976.0,12.0,16.0,89.0,-4.0,1020.5,,0,0,0,0.0,0.0,0.0,0,15-18,0.4067132130552163,0.5932867869447838,Brown P.,18.65735738895674,0.5,0.5,Krajci M.
M15 Sharm ElSheikh 9 ITF Men,hard,Outdoor,Schell N.,Bakshi A.,APiQtYy1,6i3rVodO,1/16-finals,2025-03-26,919.0,472.0,19.0,88.0,447.0,-69.0,695.5,,0,0,0,0.0,0.0,0.0,0,15-18,0.3941125041954872,0.6058874958045128,Bakshi A.,21.177499160902556,0.5,0.5,Schell N.
M15 Sharm ElSheikh 9 ITF Men,hard,Outdoor,Safonov A.,Krylov A.,4vxEJZR5,vkWTceNd,1/16-finals,2025-03-26,981.0,,15.0,,,,,,0,0,0,0.0,0.0,0.0,0,15-18,0.39524653780471974,0.6047534621952803,Krylov A.,20.950692439056052,0.5,0.5,Safonov A.
M15 Sharm ElSheikh 9 ITF Men,hard,Outdoor,Zick S.,Tamm K.,IkhIpuQq,xEMUcAZq,1/16-finals,2025-03-26,1965.0,852.0,1.0,23.0,1113.0,-22.0,1408.5,,0,0,0,0.0,0.0,0.0,0,15-18,0.4164406695619463,0.5835593304380537,Tamm K.,16.711866087610737,0.5,0.5,Zick S.
M15 Sharm ElSheikh 9 ITF Men,hard,Outdoor,Omarkhanov A.,Moraing O.,EyAl7HxU,f3b5CAx0,1/16-finals,2025-03-26,1003.0,1348.0,14.0,5.0,-345.0,9.0,1175.5,,0,0,0,0.0,0.0,0.0,0,15-18,0.4547770929563672,0.5452229070436327,Moraing O.,9.04458140872656,0.5,0.5,Omarkhanov A.
M15 Sharm ElSheikh 9 ITF Men,hard,Outdoor,Purtseladze S.,Lakshmanan A.,OI2qf1Ze,K4D2Snk7,1/16-finals,2025-03-26,442.0,,104.0,,,,,,0,0,0,0.0,0.0,0.0,0,15-18,0.3957378468677387,0.6042621531322613,Lakshmanan A.,20.852430626452257,0.5,0.5,Purtseladze S.
M15 Sharm ElSheikh 9 ITF Men,hard,Outdoor,Butulija B.,Kivattsev K.,xhFtswWF,lYTGGh9p,1/16-finals,2025-03-26,1105.0,528.0,11.0,72.0,577.0,-61.0,816.5,,0,0,0,0.0,0.0,0.0,0,15-18,0.4006592540777527,0.5993407459222473,Kivattsev K.,19.868149184449457,0.5,0.5,Butulija B.
M15 Sharm ElSheikh 9 ITF Men,hard,Outdoor,Tiukaev R.,Hipfl N.,CCJm9jO5,GKSrsP3H,1/16-finals,2025-03-26,1217.0,1086.0,7.0,11.0,131.0,-4.0,1151.5,,0,0,0,0.0,0.0,0.0,0,15-18,0.403386991572777,0.596613008427223,Hipfl N.,19.322601685444596,0.5,0.5,Tiukaev R.
W15 Sharm ElSheikh 9 ITF Women,hard,Outdoor,Laskutova K.,Vasilescu A.,Gn849LHu,2BUOMD9G,1/16-finals,2025-03-26,,,,,,,,,0,0,0,0.0,0.0,0.0,0,15-18,0.41722358849240965,0.5827764115075904,Vasilescu A.,16.55528230151807,0.5,0.5,Laskutova K.
W15 Sharm ElSheikh 9 ITF Women,hard,Outdoor,Hageman M.,Ansari C.,IslgSQvo,0p23zV42,1/16-finals,2025-03-26,,,,,,,,,0,0,0,0.0,0.0,0.0,0,15-18,0.41722358849240965,0.5827764115075904,Ansari C.,16.55528230151807,0.5,0.5,Hageman M.
W15 Sharm ElSheikh 9 ITF Women,hard,Outdoor,Phanthala M.,Kuzmova K.,OlKjwKc6,zPhg3qEf,1/16-finals,2025-03-26,,,,,,,,,0,0,0,0.0,0.0,0.0,0,15-18,0.41722358849240965,0.5827764115075904,Kuzmova K.,16.55528230151807,0.5,0.5,Phanthala M.
W15 Sharm ElSheikh 9 ITF Women,hard,Outdoor,Piani D.,Dapkute I.,xzijPoX1,Ac3gHTcj,1/16-finals,2025-03-26,,,,,,,,,0,0,0,0.0,0.0,0.0,0,15-18,0.41722358849240965,0.5827764115075904,Dapkute I.,16.55528230151807,0.5,0.5,Piani D.
W15 Sharm ElSheikh 9 ITF Women,hard,Outdoor,Bejenaru K. P.,Makarova M. M.,OMvSqOjs,nXbrAZeB,1/16-finals,2025-03-26,,,,,,,,,0,0,0,0.0,0.0,0.0,0,15-18,0.41722358849240965,0.5827764115075904,Makarova M. M.,16.55528230151807,0.5,0.5,Bejenaru K. P.
W15 Sharm ElSheikh 9 ITF Women,hard,Outdoor,Kaler H. K.,Lazarenko K.,zcsod82M,ELPIxXJo,1/16-finals,2025-03-26,,,,,,,,,0,0,0,0.0,0.0,0.0,0,15-18,0.41722358849240965,0.5827764115075904,Lazarenko K.,16.55528230151807,0.5,0.5,Kaler H. K.
W15 Sharm ElSheikh 9 ITF Women,hard,Outdoor,Samir S.,Kozak V.,Kt2L3vod,WnDWVE8j,1/16-finals,2025-03-26,,,,,,,,,0,0,0,0.0,0.0,0.0,0,15-18,0.41722358849240965,0.5827764115075904,Kozak V.,16.55528230151807,0.5,0.5,Samir S.
W15 Sharm ElSheikh 9 ITF Women,hard,Outdoor,Moon J.,Paukstyte P.,8vDMpqYA,6JIOekXP,1/16-finals,2025-03-26,,,,,,,,,0,0,0,0.0,0.0,0.0,0,15-18,0.41722358849240965,0.5827764115075904,Paukstyte P.,16.55528230151807,0.5,0.5,Moon J.
W15 Sharm ElSheikh 9 ITF Women,hard,Outdoor,Ezzat Y.,Monko V.,4tIAQcH8,YcrwY71g,1/16-finals,2025-03-26,,,,,,,,,0,0,0,0.0,0.0,0.0,0,15-18,0.41722358849240965,0.5827764115075904,Monko V.,16.55528230151807,0.5,0.5,Ezzat Y.
W15 Sharm ElSheikh 9 ITF Women,hard,Outdoor,Kalyakina M.,Shapatava S.,Qs2iRuRh,rwPVxdQ4,,2025-03-26,,,,,,,,,0,0,0,0.0,0.0,0.0,0,15-18,0.4204987478401024,0.5795012521598977,Shapatava S.,15.900250431979524,0.5,0.5,Kalyakina M.
W15 Sharm ElSheikh 9 ITF Women,hard,Outdoor,Pawlikowska Z.,Tupitsyna E.,KWHchH0q,2qqwbUX9,1/16-finals,2025-03-26,,,,,,,,,0,0,0,0.0,0.0,0.0,0,15-18,0.41722358849240965,0.5827764115075904,Tupitsyna E.,16.55528230151807,0.5,0.5,Pawlikowska Z.
W15 Sharm ElSheikh 9 ITF Women,hard,Outdoor,Gorska D.,Shmakova M.,tfIDU25e,6uYlh6nC,1/16-finals,2025-03-26,,,,,,,,,0,0,0,0.0,0.0,0.0,0,15-18,0.41722358849240965,0.5827764115075904,Shmakova M.,16.55528230151807,0.5,0.5,Gorska D.
W15 Sharm ElSheikh 9 ITF Women,hard,Outdoor,Jovanovic M.,Alhussein L.,0jieYeGh,CvDob5Zt,1/16-finals,2025-03-26,,,,,,,,,0,0,0,0.0,0.0,0.0,0,15-18,0.41722358849240965,0.5827764115075904,Alhussein L.,16.55528230151807,0.5,0.5,Jovanovic M.
W15 Sharm ElSheikh 9 ITF Women,hard,Outdoor,Kalyakina M.,Zverava U.,Qs2iRuRh,CCgkotPi,1/16-finals,2025-03-26,,,,,,,,,0,0,0,0.0,0.0,0.0,0,15-18,0.41722358849240965,0.5827764115075904,Zverava U.,16.55528230151807,0.5,0.5,Kalyakina M.
W15 Sharm ElSheikh 9 ITF Women,hard,Outdoor,Okuwaki R.,Cembranos P.,Aic83iVF,xnyRVBx9,1/16-finals,2025-03-26,,,,,,,,,0,0,0,0.0,0.0,0.0,0,15-18,0.41722358849240965,0.5827764115075904,Cembranos P.,16.55528230151807,0.5,0.5,Okuwaki R.
W15 Sharm ElSheikh 9 ITF Women,hard,Outdoor,Shan Y.,Mamedova E.,Gz8wBvfL,ELsR9m9n,1/16-finals,2025-03-26,,,,,,,,,0,0,0,0.0,0.0,0.0,0,15-18,0.41722358849240965,0.5827764115075904,Mamedova E.,16.55528230151807,0.5,0.5,Shan Y.
W15 Sharm ElSheikh 9 ITF Women,hard,Outdoor,Asimova S.,Sawashiro K.,xCJp3iE8,xE7G3oLC,1/16-finals,2025-03-26,,,,,,,,,0,0,0,0.0,0.0,0.0,0,15-18,0.41722358849240965,0.5827764115075904,Sawashiro K.,16.55528230151807,0.5,0.5,Asimova S.
M25 Saint Dizier ITF Men,hard,Outdoor,Freire Da Silva A.,Vandermeersch C.,fRC4NeHq,ELpR8zh2,1/16-finals,2025-03-26,1093.0,755.0,11.0,32.0,338.0,-21.0,924.0,,0,0,0,0.0,0.0,0.0,0,15-18,0.4004270419212794,0.5995729580787206,Vandermeersch C.,19.914591615744115,0.5,0.5,Freire Da Silva A.
M25 Saint Dizier ITF Men,hard,Outdoor,Massard L.,Fassbender B.,KzhabclH,0zb1v2wP,1/16-finals,2025-03-26,585.0,1965.0,59.0,1.0,-1380.0,58.0,1275.0,,0,0,0,0.0,0.0,0.0,0,15-18,0.4617728606658648,0.5382271393341351,Fassbender B.,7.645427866827037,0.5,0.5,Massard L.
M25 Saint Dizier ITF Men,hard,Outdoor,Story J.,Vassard A.,K80j7V9T,vqTkEE2c,1/16-finals,2025-03-26,708.0,,38.0,,,,,,0,0,0,0.0,0.0,0.0,0,15-18,0.39509904517349187,0.6049009548265081,Vassard A.,20.980190965301627,0.5,0.5,Story J.
M25 Saint Dizier ITF Men,hard,Outdoor,Genier T.,Wendelken H.,MNB2reEE,d6y39t1s,1/16-finals,2025-03-26,1296.0,632.0,6.0,50.0,664.0,-44.0,964.0,,0,0,0,0.0,0.0,0.0,0,15-18,0.42292725446807033,0.5770727455319297,Wendelken H.,15.414549106385934,0.5,0.5,Genier T.
M25 Saint Dizier ITF Men,hard,Outdoor,Poullain L.,Ghazouani Durand Y.,0OqIBG1T,C6bdjyfd,1/16-finals,2025-03-26,435.0,934.0,108.0,18.0,-499.0,90.0,684.5,,0,0,0,0.0,0.0,0.0,0,15-18,0.4652543132117545,0.5347456867882455,Ghazouani Durand Y.,6.9491373576491045,0.5,0.5,Poullain L.
M25 Saint Dizier ITF Men,hard,Outdoor,Ruusuvuori E.,De Jonge D.,MRVzCh5U,tGGdpX9d,1/16-finals,2025-03-26,218.0,1064.0,258.0,12.0,-846.0,246.0,641.0,,0,0,0,0.0,0.0,0.0,0,15-18,0.4789853512389926,0.5210146487610074,De Jonge D.,4.202929752201479,0.7270947623748645,0.2729052376251355,Ruusuvuori E.
M25 Saint Dizier ITF Men,hard,Outdoor,Alimli M.,Bourgue M.,OM3yVjsd,xOhWcTc9,1/16-finals,2025-03-26,1232.0,511.0,7.0,77.0,721.0,-70.0,871.5,,0,0,0,0.0,0.0,0.0,0,15-18,0.41324003842849677,0.5867599615715032,Bourgue M.,17.351992314300645,0.530563510621392,0.46943648937860805,Alimli M.
M25 Saint Dizier ITF Men,hard,Outdoor,Moeller M.,Chidekh C.,W4qdFpGM,E1Wpe7Co,1/16-finals,2025-03-26,480.0,268.0,85.0,203.0,212.0,-118.0,374.0,,0,0,0,0.0,0.0,0.0,0,15-18,0.41632624285349207,0.5836737571465079,Chidekh C.,16.734751429301586,0.5407692904526895,0.4592307095473105,Moeller M.
M15 Heraklion 2 ITF Men,hard,Outdoor,Casanova A.,Pieczkowski O.,0Khaj00n,tlePPAg5,1/16-finals,2025-03-26,968.0,574.0,16.0,61.0,394.0,-45.0,771.0,,0,0,0,0.0,0.0,0.0,0,15-18,0.40382376760366456,0.5961762323963354,Pieczkowski O.,19.235246479267087,0.5,0.5,Casanova A.
M15 Heraklion 2 ITF Men,hard,Outdoor,Gruenig G.,Khoeblal E.,CbNCwOAJ,lIKnc3u9,1/16-finals,2025-03-26,1481.0,900.0,3.0,20.0,581.0,-17.0,1190.5,,0,0,0,0.0,0.0,0.0,0,15-18,0.4034933247201294,0.5965066752798707,Khoeblal E.,19.30133505597412,0.5,0.5,Gruenig G.
M15 Heraklion 2 ITF Men,hard,Outdoor,Verbeek D.,Dinev D.,QXIc4ahL,zNdtoUgO,1/16-finals,2025-03-26,1725.0,913.0,2.0,19.0,812.0,-17.0,1319.0,,0,0,0,0.0,0.0,0.0,0,15-18,0.4066487216079125,0.5933512783920876,Dinev D.,18.6702556784175,0.5,0.5,Verbeek D.
M15 Heraklion 2 ITF Men,hard,Outdoor,Rossi L.,Jones M.,zqf7fP42,SQDcRsUr,1/16-finals,2025-03-26,670.0,801.0,45.0,28.0,-131.0,17.0,735.5,,0,0,0,0.0,0.0,0.0,0,15-18,0.44878088924452264,0.5512191107554774,Jones M.,10.243822151095472,0.5,0.5,Rossi L.
M15 Heraklion 2 ITF Men,hard,Outdoor,Sakellaridis S.,Kuhar M.,2Dmhcv8C,Ma7yiQQQ,1/16-finals,2025-03-26,455.0,902.0,97.0,20.0,-447.0,77.0,678.5,,0,0,0,0.0,0.0,0.0,0,15-18,0.4653873075896449,0.5346126924103551,Kuhar M.,6.922538482071017,0.5,0.5,Sakellaridis S.
M15 Heraklion 2 ITF Men,hard,Outdoor,Kopilevich D.,Parker S.,juf79W4N,tSMxmjU3,1/16-finals,2025-03-26,,464.0,,92.0,,,,,0,0,0,0.0,0.0,0.0,0,15-18,0.4432666532971421,0.5567333467028579,Parker S.,11.34666934057158,0.5,0.5,Kopilevich D.
M15 Heraklion 2 ITF Men,hard,Outdoor,Bonding O.,Delage P.,SGkttdYl,vBvBhK26,1/16-finals,2025-03-26,957.0,899.0,16.0,20.0,58.0,-4.0,928.0,,0,0,0,0.0,0.0,0.0,0,15-18,0.4006012094747907,0.5993987905252093,Delage P.,19.879758105041855,0.5,0.5,Bonding O.
M15 Heraklion 2 ITF Men,hard,Outdoor,Mott B.,Longwe-Smit T.,2mN5CUjs,v1cGmySG,1/16-finals,2025-03-26,482.0,1557.0,85.0,3.0,-1075.0,82.0,1019.5,,0,0,0,0.0,0.0,0.0,0,15-18,0.4581403897302046,0.5418596102697955,Longwe-Smit T.,8.37192205395908,0.47689384453749073,0.5231061554625093,Longwe-Smit T.
M15 Heraklion 2 ITF Men,hard,Outdoor,Tsitsipas Pe.,Pawelski M.,v9LewqHa,jkqoQ2GD,1/16-finals,2025-03-26,1965.0,870.0,1.0,22.0,1095.0,-21.0,1417.5,,0,0,0,0.0,0.0,0.0,0,15-18,0.41321038511188934,0.5867896148881107,Pawelski M.,17.35792297762213,0.5,0.5,Tsitsipas Pe.
M15 Heraklion 2 ITF Men,hard,Outdoor,Walters M.,Hartenstein J. P.,ITigdhOG,SS1Gc5Ns,1/16-finals,2025-03-26,1367.0,1531.0,5.0,3.0,-164.0,2.0,1449.0,,0,0,0,0.0,0.0,0.0,0,15-18,0.45499396704164646,0.5450060329583535,Hartenstein J. P.,9.001206591670707,0.5,0.5,Walters M.
M15 Heraklion 2 ITF Men,hard,Outdoor,Nikles J.,Dalmasso G.,rN9JzXam,z7Wfy5c4,1/16-finals,2025-03-26,636.0,749.0,49.0,33.0,-113.0,16.0,692.5,,0,0,0,0.0,0.0,0.0,0,15-18,0.4521954337950813,0.5478045662049187,Dalmasso G.,9.560913240983737,0.46300209032450795,0.536997909675492,Dalmasso G.
M15 Heraklion 2 ITF Men,hard,Outdoor,Bazilevskiy V.,Serafini M.,jqtWmn0J,b1cyvN26,1/16-finals,2025-03-26,1637.0,520.0,2.0,75.0,1117.0,-73.0,1078.5,,0,0,0,0.0,0.0,0.0,0,15-18,0.41663255608588995,0.5833674439141101,Serafini M.,16.67348878282201,0.5,0.5,Bazilevskiy V.
W15 Heraklion 2 ITF Women,clay,Outdoor,Snells J.,Slavikova E.,r9haC8X6,80AX778d,1/16-finals,2025-03-26,,,,,,,,,0,0,0,0.0,0.0,0.0,0,15-18,0.41722358849240965,0.5827764115075904,Slavikova E.,16.55528230151807,0.5,0.5,Snells J.
W15 Heraklion 2 ITF Women,clay,Outdoor,Helmi O.,Pawlak L.,b7Jv6ogd,MijEGME2,1/16-finals,2025-03-26,,,,,,,,,0,0,0,0.0,0.0,0.0,0,15-18,0.41722358849240965,0.5827764115075904,Pawlak L.,16.55528230151807,0.5,0.5,Helmi O.
W15 Heraklion 2 ITF Women,clay,Outdoor,Simunyu C.,Bertea E. R.,tzAFAhMQ,bD5rNiLq,1/16-finals,2025-03-26,,,,,,,,,0,0,0,0.0,0.0,0.0,0,15-18,0.41722358849240965,0.5827764115075904,Bertea E. R.,16.55528230151807,0.5,0.5,Simunyu C.
W15 Heraklion 2 ITF Women,clay,Outdoor,Bouzo Zanotti N.,Nepliy E.,0rIlE6iB,MX0lkYlJ,1/16-finals,2025-03-26,,,,,,,,,0,0,0,0.0,0.0,0.0,0,15-18,0.41722358849240965,0.5827764115075904,Nepliy E.,16.55528230151807,0.5,0.5,Bouzo Zanotti N.
W15 Heraklion 2 ITF Women,clay,Outdoor,Sava I. T.,Wirges A.,jw75OtOH,YHuwfeTn,1/16-finals,2025-03-26,,,,,,,,,0,0,0,0.0,0.0,0.0,0,15-18,0.41722358849240965,0.5827764115075904,Wirges A.,16.55528230151807,0.5,0.5,Sava I. T.
W15 Heraklion 2 ITF Women,clay,Outdoor,Sebestova I.,Rey Garcia A.,tjL2tAJ4,CAPe888e,1/16-finals,2025-03-26,,,,,,,,,0,0,0,0.0,0.0,0.0,0,15-18,0.41722358849240965,0.5827764115075904,Rey Garcia A.,16.55528230151807,0.5,0.5,Sebestova I.
W15 Heraklion 2 ITF Women,clay,Outdoor,Kolyada A.,Tsetsou E.,rTXu2F8F,KrhEot1t,1/16-finals,2025-03-26,,,,,,,,,0,0,0,0.0,0.0,0.0,0,15-18,0.41722358849240965,0.5827764115075904,Tsetsou E.,16.55528230151807,0.5,0.5,Kolyada A.
W15 Heraklion 2 ITF Women,clay,Outdoor,Natal L.,Kokkinis T.,E72jWNoD,Ig6ny1T8,1/16-finals,2025-03-26,,,,,,,,,0,0,0,0.0,0.0,0.0,0,15-18,0.41722358849240965,0.5827764115075904,Kokkinis T.,16.55528230151807,0.5,0.5,Natal L.
W15 Heraklion 2 ITF Women,clay,Outdoor,Nylander Altelius J.,Pavlou D.,jXCllvMG,A5DgdSBm,1/16-finals,2025-03-26,,,,,,,,,0,0,0,0.0,0.0,0.0,0,15-18,0.41722358849240965,0.5827764115075904,Pavlou D.,16.55528230151807,0.5,0.5,Nylander Altelius J.
W15 Heraklion 2 ITF Women,clay,Outdoor,Podlinska M.,Gadient N.,lh66YaOh,v9sVLUMH,1/16-finals,2025-03-26,,,,,,,,,0,0,0,0.0,0.0,0.0,0,15-18,0.41722358849240965,0.5827764115075904,Gadient N.,16.55528230151807,0.5,0.5,Podlinska M.
W15 Heraklion 2 ITF Women,clay,Outdoor,Spasova B.,Hietaranta L.,fs1oMU7B,YHTwEgqm,1/16-finals,2025-03-26,,,,,,,,,0,0,0,0.0,0.0,0.0,0,15-18,0.41722358849240965,0.5827764115075904,Hietaranta L.,16.55528230151807,0.5,0.5,Spasova B.
W15 Heraklion 2 ITF Women,clay,Outdoor,Makarova E.,Argyrokastriti M.,UeJstJ4j,CKKqxZuj,1/16-finals,2025-03-26,,,,,,,,,0,0,0,0.0,0.0,0.0,0,15-18,0.41722358849240965,0.5827764115075904,Argyrokastriti M.,16.55528230151807,0.5,0.5,Makarova E.
M25 Ahmedabad ITF Men,hard,Outdoor,Rawat S.,Taguchi R.,YLupS3cJ,xSn3x2JE,1/16-finals,2025-03-26,848.0,572.0,23.0,61.0,276.0,-38.0,710.0,,0,0,0,0.0,0.0,0.0,0,15-18,0.40398731170596835,0.5960126882940316,Taguchi R.,19.202537658806328,0.5,0.5,Rawat S.
M25 Ahmedabad ITF Men,hard,Outdoor,Shah A.,Park M.,QX2MqIHF,QkLSQX39,1/16-finals,2025-03-26,567.0,,62.0,,,,,,0,0,0,0.0,0.0,0.0,0,15-18,0.39509904517349187,0.6049009548265081,Park M.,20.980190965301627,0.5,0.5,Shah A.
M25 Ahmedabad ITF Men,hard,Outdoor,Yadav Y.,Eqbal I.,IabTGvO0,f3v1B0oO,1/16-finals,2025-03-26,1965.0,1032.0,1.0,13.0,933.0,-12.0,1498.5,,0,0,0,0.0,0.0,0.0,0,15-18,0.4037095515280681,0.5962904484719319,Eqbal I.,19.25808969438638,0.5,0.5,Yadav Y.
M25 Ahmedabad ITF Men,hard,Outdoor,Erel Y.,Tyagi K.,zX8kGOPK,0xnNA8um,1/16-finals,2025-03-26,596.0,,57.0,,,,,,0,0,0,0.0,0.0,0.0,0,15-18,0.39509904517349187,0.6049009548265081,Tyagi K.,20.980190965301627,0.5,0.5,Erel Y.
M25 Ahmedabad ITF Men,hard,Outdoor,Sahita S.,Reddy R.,W4dP4Wtm,UVNWOxqt,1/16-finals,2025-03-26,,1781.0,,2.0,,,,,0,0,0,0.0,0.0,0.0,0,15-18,0.44637357415090345,0.5536264258490966,Reddy R.,10.72528516981931,0.5,0.5,Sahita S.
M25 Ahmedabad ITF Men,hard,Outdoor,Singh K.,Ianin N.,fRgO5Du3,M9e0PJe5,1/16-finals,2025-03-26,490.0,1464.0,84.0,4.0,-974.0,80.0,977.0,,0,0,0,0.0,0.0,0.0,0,15-18,0.4581403897302046,0.5418596102697955,Ianin N.,8.37192205395908,0.5,0.5,Singh K.
M25 Ahmedabad ITF Men,hard,Outdoor,Hans K.,Matsuda R.,KQBXU38A,236PBwA2,1/16-finals,2025-03-26,1422.0,631.0,4.0,50.0,791.0,-46.0,1026.5,,0,0,0,0.0,0.0,0.0,0,15-18,0.425964399421981,0.574035600578019,Matsuda R.,14.8071201156038,0.5,0.5,Hans K.
M25 Ahmedabad ITF Men,hard,Outdoor,Duhan C.,Aggarwal P.,W2Hk0tpc,4AVHbyk0,1/16-finals,2025-03-26,947.0,1460.0,17.0,4.0,-513.0,13.0,1203.5,,0,0,0,0.0,0.0,0.0,0,15-18,0.44820751327467645,0.5517924867253235,Aggarwal P.,10.358497345064709,0.5,0.5,Duhan C.
M25 Ahmedabad ITF Men,hard,Outdoor,Lomakin G.,Kumaran B. N.,vTJ8pfma,IFE7gZdc,1/16-finals,2025-03-26,874.0,1520.0,22.0,3.0,-646.0,19.0,1197.0,,0,0,0,0.0,0.0,0.0,0,15-18,0.44818944654688264,0.5518105534531174,Kumaran B. N.,10.36211069062347,0.5,0.5,Lomakin G.
M25 Ahmedabad ITF Men,hard,Outdoor,Shanmugam A.,Javia D.,40UJWYc3,xtv2D7jE,1/16-finals,2025-03-26,2140.0,606.0,1.0,54.0,1534.0,-53.0,1373.0,,0,0,0,0.0,0.0,0.0,0,15-18,0.4326845185038925,0.5673154814961074,Javia D.,13.4630962992215,0.5,0.5,Shanmugam A.
M25 Ahmedabad ITF Men,hard,Outdoor,Kalyanpur A.,Bouzige M.,OMKptc0q,M1nh93mm,1/16-finals,2025-03-26,901.0,403.0,20.0,119.0,498.0,-99.0,652.0,,0,0,0,0.0,0.0,0.0,0,15-18,0.39103734019963465,0.6089626598003653,Bouzige M.,21.79253196007307,0.5,0.5,Kalyanpur A.
M25 Ahmedabad ITF Men,hard,Outdoor,Clarke J.,Chappell N.,pWyUazPi,bJed2yIt,1/16-finals,2025-03-26,298.0,694.0,177.0,40.0,-396.0,137.0,496.0,,0,0,0,0.0,0.0,0.0,0,15-18,0.5050684675614286,0.49493153243857135,Clarke J.,1.0136935122857293,0.44158785060502875,0.5584121493949712,Chappell N.
M25 Ahmedabad ITF Men,hard,Outdoor,Clarke J.,Lomakin G.,pWyUazPi,vTJ8pfma,1/8-finals,2025-03-26,298.0,874.0,177.0,22.0,-576.0,155.0,586.0,,0,0,0,0.0,0.0,0.0,0,15-18,0.4852747839399294,0.5147252160600706,Lomakin G.,2.94504321201412,0.3975655921707074,0.6024344078292926,Lomakin G.
M25 Ahmedabad ITF Men,hard,Outdoor,Duhan C.,Javia D.,W2Hk0tpc,xtv2D7jE,1/8-finals,2025-03-26,947.0,606.0,17.0,54.0,341.0,-37.0,776.5,,0,0,0,0.0,0.0,0.0,0,15-18,0.40059479404857523,0.5994052059514248,Javia D.,19.881041190284954,0.5,0.5,Duhan C.
M25 Ahmedabad ITF Men,hard,Outdoor,Eqbal I.,Taguchi R.,f3v1B0oO,xSn3x2JE,1/8-finals,2025-03-26,1032.0,572.0,13.0,61.0,460.0,-48.0,802.0,,0,0,0,0.0,0.0,0.0,0,15-18,0.406924779445662,0.5930752205543379,Taguchi R.,18.615044110867597,0.5,0.5,Eqbal I.
M25 Ahmedabad ITF Men,hard,Outdoor,Matsuda R.,Binda A.,236PBwA2,pY05SOxc,1/8-finals,2025-03-26,631.0,484.0,50.0,85.0,147.0,-35.0,557.5,,0,0,0,0.0,0.0,0.0,0,15-18,0.4006804089862812,0.5993195910137188,Binda A.,19.863918202743758,0.5,0.5,Matsuda R.
M25 Ahmedabad ITF Men,hard,Outdoor,Shah A.,Kamath M.,QX2MqIHF,2yZZLIdF,1/8-finals,2025-03-26,567.0,2073.0,62.0,1.0,-1506.0,61.0,1320.0,,0,0,0,0.0,0.0,0.0,0,15-18,0.46489256676691804,0.535107433233082,Kamath M.,7.021486646616393,0.5,0.5,Shah A.
M25 Ahmedabad ITF Men,hard,Outdoor,Singh K.,Reddy R.,fRgO5Du3,UVNWOxqt,1/8-finals,2025-03-26,490.0,1781.0,84.0,2.0,-1291.0,82.0,1135.5,,0,0,0,0.0,0.0,0.0,0,15-18,0.4581403897302046,0.5418596102697955,Reddy R.,8.37192205395908,0.5,0.5,Singh K.
M25 Ahmedabad ITF Men,hard,Outdoor,Tyagi K.,Sinha N. K.,0xnNA8um,nLLCyZOb,1/8-finals,2025-03-26,,1202.0,,8.0,,,,,0,0,0,0.0,0.0,0.0,0,15-18,0.44637357415090345,0.5536264258490966,Sinha N. K.,10.72528516981931,0.5,0.5,Tyagi K.
M25 Ahmedabad ITF Men,hard,Outdoor,Vishwakarma S.,Bouzige M.,8tw79mJk,M1nh93mm,1/8-finals,2025-03-26,790.0,403.0,29.0,119.0,387.0,-90.0,596.5,,0,0,0,0.0,0.0,0.0,0,15-18,0.3909872669833986,0.6090127330166014,Bouzige M.,21.802546603320284,0.5,0.5,Vishwakarma S.
M15 Foggia ITF Men,clay,Outdoor,Motta A.,Mondazzi A.,QoIsrZWp,l6CqGkSP,1/16-finals,2025-03-26,1881.0,,1.0,,,,,,0,0,0,0.0,0.0,0.0,0,15-18,0.3925901673537013,0.6074098326462987,Mondazzi A.,21.481966529259743,0.5,0.5,Motta A.
M15 Foggia ITF Men,clay,Outdoor,Bouquet L.,Malgaroli L.,pWZHwGON,noxlA6rb,1/16-finals,2025-03-26,504.0,1127.0,79.0,10.0,-623.0,69.0,815.5,,0,0,0,0.0,0.0,0.0,0,15-18,0.45502577497935714,0.5449742250206429,Malgaroli L.,8.994845004128571,0.5,0.5,Bouquet L.
M15 Foggia ITF Men,clay,Outdoor,Vasami J.,Minighini D.,MaKQfer1,KYnEHiGR,1/16-finals,2025-03-26,1619.0,1447.0,2.0,4.0,172.0,-2.0,1533.0,,0,0,0,0.0,0.0,0.0,0,15-18,0.39386549529114456,0.6061345047088554,Minighini D.,21.22690094177109,0.5,0.5,Vasami J.
M15 Foggia ITF Men,clay,Outdoor,Marmousez L.,Misasi G.,2q0LOTtF,0KgHTdu1,1/16-finals,2025-03-26,398.0,1099.0,120.0,11.0,-701.0,109.0,748.5,,0,0,0,0.0,0.0,0.0,0,15-18,0.46182275015681623,0.5381772498431838,Misasi G.,7.635449968636754,0.5,0.5,Marmousez L.
M15 Foggia ITF Men,clay,Outdoor,Perfetti N.,Reitano S.,40ax25HU,pWcppvT3,1/16-finals,2025-03-26,890.0,1126.0,21.0,10.0,-236.0,11.0,1008.0,,0,0,0,0.0,0.0,0.0,0,15-18,0.4549758107025264,0.5450241892974736,Reitano S.,9.00483785949472,0.5,0.5,Perfetti N.
M15 Foggia ITF Men,clay,Outdoor,Plunger M.,de Marchi A.,x0jclBBa,vDGADPSe,1/16-finals,2025-03-26,1055.0,1703.0,12.0,2.0,-648.0,10.0,1379.0,,0,0,0,0.0,0.0,0.0,0,15-18,0.45473597846615366,0.5452640215338463,de Marchi A.,9.052804306769268,0.5,0.5,Plunger M.
M15 Foggia ITF Men,clay,Outdoor,Antonelli J.,Broady L.,MPsce72S,UTu7grNI,1/16-finals,2025-03-26,,730.0,,35.0,,,,,0,0,0,0.0,0.0,0.0,0,15-18,0.44972254097113423,0.5502774590288657,Broady L.,10.055491805773153,0.44787135928211674,0.5521286407178833,Broady L.
Naples Chall. Men,clay,Outdoor,Hemery C.,Kopriva V.,fse58iGB,EHGKxKDL,1/8-finals,2025-03-26,169.0,122.0,337.0,481.0,47.0,-144.0,145.5,,0,0,0,0.0,0.0,0.0,0,15-18,0.4542462028086284,0.5457537971913716,Kopriva V.,9.150759438274324,0.45989654270516134,0.5401034572948387,Kopriva V.
Naples Chall. Men,clay,Outdoor,Svrcina D.,Tseng C. H.,vDue624T,SlYNMbDS,1/8-finals,2025-03-26,165.0,115.0,351.0,529.0,50.0,-178.0,140.0,,0,0,0,0.0,0.0,0.0,0,15-18,0.4610811148832462,0.5389188851167538,Tseng C. H.,7.7837770233507575,0.5361616335924125,0.46383836640758747,Svrcina D.
Naples Chall. Men,clay,Outdoor,Arnaboldi F.,Jianu F. C.,pjpMXa88,CpC7C67k,1/8-finals,2025-03-26,220.0,241.0,257.0,227.0,-21.0,30.0,230.5,,0,0,0,0.0,0.0,0.0,0,15-18,0.4428222015973116,0.5571777984026884,Jianu F. C.,11.435559680537677,0.5,0.5,Arnaboldi F.
Naples Chall. Men,clay,Outdoor,Ymer E.,Dellien Velasco M. A.,GhVfMwlD,tGnlFo7P,1/8-finals,2025-03-26,261.0,222.0,212.0,256.0,39.0,-44.0,241.5,,0,0,0,0.0,0.0,0.0,0,15-18,0.4313438002599385,0.5686561997400614,Dellien Velasco M. A.,13.731239948012297,0.43769401312589035,0.5623059868741096,Dellien Velasco M. A.
M15 Tsukuba ITF Men,hard,Outdoor,Shibano K.,Yamanaka T.,xSarOuEH,nVnqQlUo,1/16-finals,2025-03-26,1608.0,906.0,2.0,20.0,702.0,-18.0,1257.0,,0,0,0,0.0,0.0,0.0,0,15-18,0.41302212901214597,0.586977870987854,Yamanaka T.,17.395574197570806,0.5,0.5,Shibano K.
M15 Tsukuba ITF Men,hard,Outdoor,Masabayashi T.,Lee K.,23AG6J1b,v5u9pFvC,1/16-finals,2025-03-26,760.0,858.0,32.0,22.0,-98.0,10.0,809.0,,0,0,0,0.0,0.0,0.0,0,15-18,0.4449700483354208,0.5550299516645791,Lee K.,11.005990332915838,0.5,0.5,Masabayashi T.
M15 Tsukuba ITF Men,hard,Outdoor,Peliwo F.,Itsusaki S.,x6aKFC7p,AwzzQUB7,1/16-finals,2025-03-26,608.0,1584.0,54.0,2.0,-976.0,52.0,1096.0,,0,0,0,0.0,0.0,0.0,0,15-18,0.4484728228690228,0.5515271771309772,Itsusaki S.,10.30543542619544,0.45921166986481526,0.5407883301351848,Itsusaki S.
M15 Tsukuba ITF Men,hard,Outdoor,Tomida Y.,Shiraishi H.,h2BB9Wtk,pO5LT6LB,1/16-finals,2025-03-26,1697.0,546.0,2.0,67.0,1151.0,-65.0,1121.5,,0,0,0,0.0,0.0,0.0,0,15-18,0.4199587775683292,0.5800412224316708,Shiraishi H.,16.008244486334156,0.5,0.5,Tomida Y.
M15 Tsukuba ITF Men,hard,Outdoor,Hsu Y. H.,Yamasaki J.,WxwHu3lG,f7ntihue,1/8-finals,2025-03-26,226.0,1414.0,245.0,4.0,-1188.0,241.0,820.0,,0,0,0,0.0,0.0,0.0,0,15-18,0.4686841140263425,0.5313158859736575,Yamasaki J.,6.263177194731496,0.5,0.5,Hsu Y. H.
M15 Tsukuba ITF Men,hard,Outdoor,Kumasaka T.,Lee K.,vRKj99hc,v5u9pFvC,1/8-finals,2025-03-26,542.0,858.0,68.0,22.0,-316.0,46.0,700.0,,0,0,0,0.0,0.0,0.0,0,15-18,0.4591135872267138,0.5408864127732862,Lee K.,8.17728255465724,0.5,0.5,Kumasaka T.
M15 Tsukuba ITF Men,hard,Outdoor,Kusuhara Y.,Chung H.,U12MD469,C48I3FZ3,1/8-finals,2025-03-26,1275.0,676.0,6.0,43.0,599.0,-37.0,975.5,,0,0,0,0.0,0.0,0.0,0,15-18,0.41653845525355415,0.5834615447464458,Chung H.,16.69230894928917,0.23920610459597466,0.7607938954040253,Chung H.
M15 Tsukuba ITF Men,hard,Outdoor,Oh Chan-Yeong,Shiraishi H.,lpd9iayf,pO5LT6LB,1/8-finals,2025-03-26,967.0,546.0,16.0,67.0,421.0,-51.0,756.5,,0,0,0,0.0,0.0,0.0,0,15-18,0.40405177173514584,0.5959482282648542,Shiraishi H.,19.18964565297083,0.5,0.5,Oh Chan-Yeong
M15 Tsukuba ITF Men,hard,Outdoor,Peliwo F.,Huang T.,x6aKFC7p,AROuX8tf,1/8-finals,2025-03-26,608.0,705.0,54.0,39.0,-97.0,15.0,656.5,,0,0,0,0.0,0.0,0.0,0,15-18,0.4518593222780174,0.5481406777219826,Huang T.,9.628135544396521,0.45921166986481526,0.5407883301351848,Huang T.
M15 Tsukuba ITF Men,hard,Outdoor,Tabata R.,Takahashi Y.,U5FLD1gn,2kYVdoCo,1/8-finals,2025-03-26,1881.0,519.0,1.0,75.0,1362.0,-74.0,1200.0,,0,0,0,0.0,0.0,0.0,0,15-18,0.4198066570598142,0.5801933429401858,Takahashi Y.,16.038668588037165,0.5150142256181782,0.4849857743818218,Tabata R.
M15 Tsukuba ITF Men,hard,Outdoor,Tanaka Y.,Sinclair C.,dp1vImw7,Oxu66IL4,1/8-finals,2025-03-26,,696.0,,40.0,,,,,0,0,0,0.0,0.0,0.0,0,15-18,0.44637357415090345,0.5536264258490966,Sinclair C.,10.72528516981931,0.5,0.5,Tanaka Y.
M15 Tsukuba ITF Men,hard,Outdoor,Yamanaka T.,Nakagawa N.,nVnqQlUo,zZkuhcIL,1/8-finals,2025-03-26,906.0,362.0,20.0,140.0,544.0,-120.0,634.0,,0,0,0,0.0,0.0,0.0,0,15-18,0.4168163143158816,0.5831836856841184,Nakagawa N.,16.636737136823676,0.5,0.5,Yamanaka T.
Morelia Chall. Men,hard,Outdoor,Huesler M.,Trotter J. K.,4YcyuHl1,n15mxYdM,1/8-finals,2025-03-26,172.0,181.0,330.0,317.0,-9.0,13.0,176.5,,0,0,0,0.0,0.0,0.0,0,15-18,0.4496140740244841,0.5503859259755159,Trotter J. K.,10.077185195103178,0.5,0.5,Huesler M.
Morelia Chall. Men,hard,Outdoor,Zhukayev B.,Meligeni Alves F.,pxo4hgC3,rLEXNv74,1/8-finals,2025-03-26,215.0,176.0,263.0,320.0,39.0,-57.0,195.5,,0,0,0,0.0,0.0,0.0,0,15-18,0.44377629625410614,0.5562237037458939,Meligeni Alves F.,11.244740749178773,0.5379131440928873,0.46208685590711274,Zhukayev B.
Morelia Chall. Men,hard,Outdoor,Hernandez A.,Ficovich J. P.,ALeu7aEd,WpchB57t,1/8-finals,2025-03-26,595.0,162.0,57.0,356.0,433.0,-299.0,378.5,,0,0,0,0.0,0.0,0.0,0,15-18,0.42165498153546493,0.5783450184645351,Ficovich J. P.,15.669003692907014,0.4393714231154099,0.5606285768845901,Ficovich J. P.
Morelia Chall. Men,hard,Outdoor,Duckworth J.,Zink T.,2JWHPUUb,prfZnfX1,1/8-finals,2025-03-26,95.0,425.0,638.0,112.0,-330.0,526.0,260.0,,0,0,0,0.0,0.0,0.0,0,15-18,0.521657901671486,0.47834209832851404,Duckworth J.,4.3315803342971915,0.5016475491758271,0.4983524508241729,Duckworth J.
Puerto Vallarta Chall. Women,hard,Outdoor,Burrage J.,Maria T.,U5Ot7i32,OGYNaUZG,1/8-finals,2025-03-26,,,,,,,,,0,0,0,0.0,0.0,0.0,0,15-18,0.41722358849240965,0.5827764115075904,Maria T.,16.55528230151807,0.5,0.5,Burrage J.
Puerto Vallarta Chall. Women,hard,Outdoor,Inglis M.,Andreeva E.,xOczGeTE,GWuBzqkB,1/8-finals,2025-03-26,,,,,,,,,0,0,0,0.0,0.0,0.0,0,15-18,0.41722358849240965,0.5827764115075904,Andreeva E.,16.55528230151807,0.5,0.5,Inglis M.
Puerto Vallarta Chall. Women,hard,Outdoor,Cristian J.,Shibahara E.,vo9FVe2A,hfzer6K1,1/8-finals,2025-03-26,,,,,,,,,0,0,0,0.0,0.0,0.0,0,15-18,0.41722358849240965,0.5827764115075904,Shibahara E.,16.55528230151807,0.5,0.5,Cristian J.
Puerto Vallarta Chall. Women,hard,Outdoor,Fruhvirtova L.,Saville D.,WrhNf3At,xU3quIf5,1/8-finals,2025-03-26,,,,,,,,,0,0,0,0.0,0.0,0.0,0,15-18,0.41722358849240965,0.5827764115075904,Saville D.,16.55528230151807,0.5,0.5,Fruhvirtova L.
W75 Murska Sobota ITF Women,hard (indoor),Outdoor,Glushko L.,McAdoo R.,Ms0Wvc4A,vVtyMGmh,1/16-finals,2025-03-26,,,,,,,,,0,0,0,0.0,0.0,0.0,0,15-18,0.41722358849240965,0.5827764115075904,McAdoo R.,16.55528230151807,0.5,0.5,Glushko L.
W75 Murska Sobota ITF Women,hard (indoor),Outdoor,Wuerth T.,Senica A.,0llvOkD9,tSNytLiq,,2025-03-26,,,,,,,,,0,0,0,0.0,0.0,0.0,0,15-18,0.4204987478401024,0.5795012521598977,Senica A.,15.900250431979524,0.5,0.5,Wuerth T.
W75 Murska Sobota ITF Women,hard (indoor),Outdoor,Wuerth T.,Kubka M.,0llvOkD9,0rUdL1O9,1/16-finals,2025-03-26,,,,,,,,,0,0,0,0.0,0.0,0.0,0,15-18,0.41722358849240965,0.5827764115075904,Kubka M.,16.55528230151807,0.5,0.5,Wuerth T.
W75 Murska Sobota ITF Women,hard (indoor),Outdoor,Ponchet J.,Radwanska U.,hbXrCD0b,8nwHy6Ml,1/16-finals,2025-03-26,,,,,,,,,0,0,0,0.0,0.0,0.0,0,15-18,0.41722358849240965,0.5827764115075904,Radwanska U.,16.55528230151807,0.5,0.5,Ponchet J.
W75 Murska Sobota ITF Women,hard (indoor),Outdoor,Miyazaki L.,Rushiti A.,QPwVs83E,E9EuKLkP,1/16-finals,2025-03-26,,,,,,,,,0,0,0,0.0,0.0,0.0,0,15-18,0.41722358849240965,0.5827764115075904,Rushiti A.,16.55528230151807,0.5,0.5,Miyazaki L.
W75 Murska Sobota ITF Women,hard (indoor),Outdoor,Klimovicova L.,Hartono A.,E5pWnRLG,bZu69bao,1/16-finals,2025-03-26,,,,,,,,,0,0,0,0.0,0.0,0.0,0,15-18,0.41722358849240965,0.5827764115075904,Hartono A.,16.55528230151807,0.5,0.5,Klimovicova L.
W75 Murska Sobota ITF Women,hard (indoor),Outdoor,Ruzic A.,Avdeeva J.,MuT7l0nb,j572Ekuh,1/16-finals,2025-03-26,,,,,,,,,0,0,0,0.0,0.0,0.0,0,15-18,0.41722358849240965,0.5827764115075904,Avdeeva J.,16.55528230151807,0.5,0.5,Ruzic A.
W75 Murska Sobota ITF Women,hard (indoor),Outdoor,Rosatello C.,Milic E. N.,tQUXZxHO,OS241ND8,1/16-finals,2025-03-26,,,,,,,,,0,0,0,0.0,0.0,0.0,0,15-18,0.41722358849240965,0.5827764115075904,Milic E. N.,16.55528230151807,0.5,0.5,Rosatello C.
W75 Murska Sobota ITF Women,hard (indoor),Outdoor,Primorac I.,Knutson G.,x6lxMTCO,bscuUrLj,1/16-finals,2025-03-26,,,,,,,,,0,0,0,0.0,0.0,0.0,0,15-18,0.41722358849240965,0.5827764115075904,Knutson G.,16.55528230151807,0.5,0.5,Primorac I.
Girona Chall. Men,clay,Outdoor,Ofner S.,Cerundolo J. M.,h6vs3iR2,A93TM7BR,1/16-finals,2025-03-26,131.0,126.0,448.0,461.0,5.0,-13.0,128.5,,0,0,0,0.0,0.0,0.0,0,15-18,0.4094137947127067,0.5905862052872932,Cerundolo J. M.,18.117241057458656,0.5963215344491378,0.4036784655508622,Ofner S.
Girona Chall. Men,clay,Outdoor,De Jong J.,Droguet T.,8jStUWzB,A57Xet1f,1/16-finals,2025-03-26,105.0,212.0,562.0,265.0,-107.0,297.0,158.5,,0,0,0,0.0,0.0,0.0,0,15-18,0.5090180650097536,0.49098193499024645,De Jong J.,1.8036130019507102,0.569862390911017,0.430137609088983,De Jong J.
Girona Chall. Men,clay,Outdoor,Choinski J.,Moro Canas A.,Es82hMVD,MkI9xkTq,1/16-finals,2025-03-26,178.0,153.0,319.0,375.0,25.0,-56.0,165.5,,0,0,0,0.0,0.0,0.0,0,15-18,0.44084761908792836,0.5591523809120716,Moro Canas A.,11.83047618241433,0.48554805576864407,0.514451944231356,Moro Canas A.
Girona Chall. Men,clay,Outdoor,Cilic M.,Taberner C.,nLoK5syL,EcdVVulk,1/16-finals,2025-03-26,143.0,170.0,413.0,332.0,-27.0,81.0,156.5,,0,0,0,0.0,0.0,0.0,0,15-18,0.4668526018500784,0.5331473981499216,Taberner C.,6.629479629984325,0.8107842139548289,0.18921578604517109,Cilic M.
Girona Chall. Men,clay,Outdoor,Misolic F.,Zapata Miralles B.,CfH4SF3G,db9LlbLI,1/16-finals,2025-03-26,246.0,334.0,224.0,156.0,-88.0,68.0,290.0,,0,0,0,0.0,0.0,0.0,0,15-18,0.46301831132139915,0.5369816886786009,Zapata Miralles B.,7.396337735720171,0.6253170461160898,0.37468295388391015,Misolic F.
Girona Chall. Men,clay,Outdoor,Skatov T.,Dellien H.,h6n0i9iE,fkLRaqYe,1/16-finals,2025-03-26,175.0,103.0,328.0,566.0,72.0,-238.0,139.0,,0,0,0,0.0,0.0,0.0,0,15-18,0.4675380049456762,0.5324619950543238,Dellien H.,6.492399010864758,0.6144257353695542,0.38557426463044575,Skatov T.
Girona Chall. Men,clay,Outdoor,Lajovic D.,Squire H.,bJf33z45,rHjMHCoj,1/16-finals,2025-03-26,108.0,208.0,555.0,276.0,-100.0,279.0,158.0,,0,0,0,0.0,0.0,0.0,0,15-18,0.4990248287816577,0.5009751712183423,Squire H.,0.19503424366845712,0.6700461743694199,0.32995382563058007,Lajovic D.
Girona Chall. Men,clay,Outdoor,Rocha H.,Neumayer L.,b7jXvxef,4ffrgw5a,1/16-finals,2025-03-26,161.0,209.0,358.0,273.0,-48.0,85.0,185.0,,0,0,0,0.0,0.0,0.0,0,15-18,0.47092048788864027,0.5290795121113597,Neumayer L.,5.815902422271946,0.49646281802827935,0.5035371819717207,Neumayer L.
Girona Chall. Men,clay,Outdoor,Cachin P.,Carreno-Busta P.,YL7Z0Lq0,W8WmcXdq,1/16-finals,2025-03-26,286.0,109.0,186.0,554.0,177.0,-368.0,197.5,,0,0,0,0.0,0.0,0.0,0,15-18,0.46926599730419455,0.5307340026958054,Carreno-Busta P.,6.14680053916109,0.3450750111273106,0.6549249888726894,Carreno-Busta P.
Girona Chall. Men,clay,Outdoor,Landaluce M.,Radulov I.,AoOnGZEp,YsC3U3Oi,1/16-finals,2025-03-26,146.0,537.0,411.0,70.0,-391.0,341.0,341.5,,0,0,0,0.0,0.0,0.0,0,15-18,0.4901422008876247,0.5098577991123753,Radulov I.,1.9715598224750552,0.42241487274656586,0.5775851272534341,Radulov I.
M25 Tarragona ITF Men,clay,Outdoor,Chazal M.,Cesar Porras J.,0YR4Uukr,Sx50ZAEp,1/16-finals,2025-03-26,335.0,561.0,156.0,64.0,-226.0,92.0,448.0,,0,0,0,0.0,0.0,0.0,0,15-18,0.47906625284458604,0.520933747155414,Cesar Porras J.,4.186749431082792,0.5,0.5,Chazal M.
M25 Tarragona ITF Men,clay,Outdoor,Parisca I.,Tabur C.,CAU0vyvM,fHPZtbgE,1/16-finals,2025-03-26,803.0,363.0,28.0,139.0,440.0,-111.0,583.0,,0,0,0,0.0,0.0,0.0,0,15-18,0.4167486939026762,0.5832513060973238,Tabur C.,16.650261219464756,0.5,0.5,Parisca I.
M25 Tarragona ITF Men,clay,Outdoor,Martinez A.,Sanchez Jover C.,23EXjpUO,fLXWkLuE,1/16-finals,2025-03-26,560.0,267.0,64.0,203.0,293.0,-139.0,413.5,,0,0,0,0.0,0.0,0.0,0,15-18,0.4305073802619573,0.5694926197380428,Sanchez Jover C.,13.898523947608544,0.5,0.5,Martinez A.
M25 Tarragona ITF Men,clay,Outdoor,Marti Pujolras A.,Masur D.,dxjELWFL,ERWd0Gpm,1/16-finals,2025-03-26,336.0,439.0,156.0,106.0,-103.0,50.0,387.5,,0,0,0,0.0,0.0,0.0,0,15-18,0.44956730463709177,0.5504326953629082,Masur D.,10.086539072581646,0.5447178860871056,0.4552821139128944,Marti Pujolras A.
M25 Tarragona ITF Men,clay,Outdoor,Montes-De La Torre I.,Coulibaly E.,4CYXUVX7,fDyAJ1Qn,1/16-finals,2025-03-26,507.0,331.0,78.0,157.0,176.0,-79.0,419.0,,0,0,0,0.0,0.0,0.0,0,15-18,0.4227000706599566,0.5772999293400434,Coulibaly E.,15.459985868008685,0.5,0.5,Montes-De La Torre I.
M25 Tarragona ITF Men,clay,Outdoor,Beckley A.,Molcan A.,Yk9m0YjH,drgiRTl7,1/16-finals,2025-03-26,579.0,645.0,60.0,47.0,-66.0,13.0,612.0,,0,0,0,0.0,0.0,0.0,0,15-18,0.44904095057928617,0.5509590494207138,Molcan A.,10.191809884142767,0.32785528134925446,0.6721447186507455,Molcan A.
M25 Tarragona ITF Men,clay,Outdoor,Fernandez Flores D.,Brancaccio R.,COvoyChg,Ec4ddDyl,1/16-finals,2025-03-26,739.0,432.0,34.0,109.0,307.0,-75.0,585.5,,0,0,0,0.0,0.0,0.0,0,15-18,0.397230485088373,0.602769514911627,Brancaccio R.,20.5539029823254,0.5225793077966479,0.47742069220335215,Fernandez Flores D.
M25 Tarragona ITF Men,clay,Outdoor,Urribarrens Ramirez I.,Sanchez Izquierdo N.,AyLbGoXa,6gnbtDJM,1/16-finals,2025-03-26,1216.0,349.0,7.0,146.0,867.0,-139.0,782.5,,0,0,0,0.0,0.0,0.0,0,15-18,0.4336550597759946,0.5663449402240054,Sanchez Izquierdo N.,13.268988044801077,0.5128489366255403,0.4871510633744597,Urribarrens Ramirez I.
M25 Tarragona ITF Men,clay,Outdoor,De Krom M.,Geerts M.,llj0ORAC,jVP5NQJK,1/16-finals,2025-03-26,457.0,303.0,96.0,174.0,154.0,-78.0,380.0,,0,0,0,0.0,0.0,0.0,0,15-18,0.4169350571852523,0.5830649428147476,Geerts M.,16.61298856294954,0.5087893808295176,0.49121061917048237,De Krom M.
M25 Tarragona ITF Men,clay,Outdoor,Llamas Ruiz P.,Molleker R.,QTqDJ1gP,6RBmhB5N,1/16-finals,2025-03-26,386.0,323.0,126.0,161.0,63.0,-35.0,354.5,,0,0,0,0.0,0.0,0.0,0,15-18,0.4297397003012227,0.5702602996987773,Molleker R.,14.052059939755457,0.5839737125870565,0.41602628741294345,Llamas Ruiz P.
M25 Tarragona ITF Men,clay,Outdoor,Sanchez Quilez A.,Plans J.,KG5iw4Ad,6DSV0BW2,1/16-finals,2025-03-26,674.0,1668.0,44.0,2.0,-994.0,42.0,1171.0,,0,0,0,0.0,0.0,0.0,0,15-18,0.4484728228690228,0.5515271771309772,Plans J.,10.30543542619544,0.5,0.5,Sanchez Quilez A.
M25 Tarragona ITF Men,clay,Outdoor,Juan Mano A.,Jorda Sanchis D.,vuRxHO7G,plc0lDOK,1/16-finals,2025-03-26,1668.0,430.0,2.0,110.0,1238.0,-108.0,1049.0,,0,0,0,0.0,0.0,0.0,0,15-18,0.4292668056811234,0.5707331943188766,Jorda Sanchis D.,14.146638863775319,0.49812954954810795,0.501870450451892,Jorda Sanchis D.
M25 Tarragona ITF Men,clay,Outdoor,Gutierrez O. J.,Campana Lee G.,KngbSEyS,vkMPd6E0,1/16-finals,2025-03-26,1001.0,396.0,15.0,121.0,605.0,-106.0,698.5,,0,0,0,0.0,0.0,0.0,0,15-18,0.41000623351699483,0.5899937664830052,Campana Lee G.,17.998753296601034,0.5,0.5,Gutierrez O. J.
M25 Tarragona ITF Men,clay,Outdoor,Lopez Montagud C.,Ribas Escoda G.,nsBSIUxP,S41dlKFk,1/16-finals,2025-03-26,489.0,,84.0,,,,,,0,0,0,0.0,0.0,0.0,0,15-18,0.3957378468677387,0.6042621531322613,Ribas Escoda G.,20.852430626452257,0.5,0.5,Lopez Montagud C.
W35 Terrassa ITF Women,clay,Outdoor,Mansouri Y.,Martinez Cirez C.,E79w1KgA,SO0EHoOE,1/16-finals,2025-03-26,,,,,,,,,0,0,0,0.0,0.0,0.0,0,15-18,0.41722358849240965,0.5827764115075904,Martinez Cirez C.,16.55528230151807,0.5,0.5,Mansouri Y.
W35 Terrassa ITF Women,clay,Outdoor,Rame A.,Kucmova A.,G8DaAheG,roWEsW33,1/16-finals,2025-03-26,,,,,,,,,0,0,0,0.0,0.0,0.0,0,15-18,0.41722358849240965,0.5827764115075904,Kucmova A.,16.55528230151807,0.5,0.5,Rame A.
W35 Terrassa ITF Women,clay,Outdoor,Tagger L.,In-Albon Y.,UT72lXiG,SE5MvV4P,1/16-finals,2025-03-26,,,,,,,,,0,0,0,0.0,0.0,0.0,0,15-18,0.41722358849240965,0.5827764115075904,In-Albon Y.,16.55528230151807,0.5,0.5,Tagger L.
W35 Terrassa ITF Women,clay,Outdoor,Pedone G.,Bolsova Zadoinov A.,SjItfRhp,O6dHZYhC,1/16-finals,2025-03-26,,,,,,,,,0,0,0,0.0,0.0,0.0,0,15-18,0.41722358849240965,0.5827764115075904,Bolsova Zadoinov A.,16.55528230151807,0.5,0.5,Pedone G.
W35 Terrassa ITF Women,clay,Outdoor,Klugman H.,Matoula M.,UBK4SRuM,I91UyxFR,1/16-finals,2025-03-26,,,,,,,,,0,0,0,0.0,0.0,0.0,0,15-18,0.41722358849240965,0.5827764115075904,Matoula M.,16.55528230151807,0.5,0.5,Klugman H.
W35 Terrassa ITF Women,clay,Outdoor,Brancaccio N.,Pigato L.,jqcBin0G,fg39SFtR,1/16-finals,2025-03-26,,,,,,,,,0,0,0,0.0,0.0,0.0,0,15-18,0.41722358849240965,0.5827764115075904,Pigato L.,16.55528230151807,0.5,0.5,Brancaccio N.
W35 Terrassa ITF Women,clay,Outdoor,Roura Llaverias R.,Lazaro Garcia A.,n7RySt6Q,6gnFIFZS,1/16-finals,2025-03-26,,,,,,,,,0,0,0,0.0,0.0,0.0,0,15-18,0.41722358849240965,0.5827764115075904,Lazaro Garcia A.,16.55528230151807,0.5,0.5,Roura Llaverias R.
W35 Terrassa ITF Women,clay,Outdoor,Pieri T.,Fita Boluda A.,Gvf7kuZk,MH2AijkO,1/16-finals,2025-03-26,,,,,,,,,0,0,0,0.0,0.0,0.0,0,15-18,0.41722358849240965,0.5827764115075904,Fita Boluda A.,16.55528230151807,0.5,0.5,Pieri T.
W35 Terrassa ITF Women,clay,Outdoor,Boisson L.,Martynov D.,KYHXSqUN,tfZCOSjq,1/8-finals,2025-03-26,,,,,,,,,0,0,0,0.0,0.0,0.0,0,15-18,0.41722358849240965,0.5827764115075904,Martynov D.,16.55528230151807,0.5,0.5,Boisson L.
W35 Terrassa ITF Women,clay,Outdoor,Burillo Escorihuela I.,Geerlings Martinez A.,YZQnwtm9,WYNOYtX1,1/8-finals,2025-03-26,,,,,,,,,0,0,0,0.0,0.0,0.0,0,15-18,0.41722358849240965,0.5827764115075904,Geerlings Martinez A.,16.55528230151807,0.5,0.5,Burillo Escorihuela I.
W35 Terrassa ITF Women,clay,Outdoor,Rame A.,Martinez Cirez C.,G8DaAheG,SO0EHoOE,1/8-finals,2025-03-26,,,,,,,,,0,0,0,0.0,0.0,0.0,0,15-18,0.41722358849240965,0.5827764115075904,Martinez Cirez C.,16.55528230151807,0.5,0.5,Rame A.
W35 Terrassa ITF Women,clay,Outdoor,Bassols M.,Vargova N.,dvDRCAx9,E3Ctz6VK,1/8-finals,2025-03-26,,,,,,,,,0,0,0,0.0,0.0,0.0,0,15-18,0.41722358849240965,0.5827764115075904,Vargova N.,16.55528230151807,0.5,0.5,Bassols M.
W35 Terrassa ITF Women,clay,Outdoor,Bolsova Zadoinov A.,Tagger L.,O6dHZYhC,UT72lXiG,1/8-finals,2025-03-26,,,,,,,,,0,0,0,0.0,0.0,0.0,0,15-18,0.41722358849240965,0.5827764115075904,Tagger L.,16.55528230151807,0.5,0.5,Bolsova Zadoinov A.
W35 Terrassa ITF Women,clay,Outdoor,Pigato L.,Fita Boluda A.,fg39SFtR,MH2AijkO,1/8-finals,2025-03-26,,,,,,,,,0,0,0,0.0,0.0,0.0,0,15-18,0.41722358849240965,0.5827764115075904,Fita Boluda A.,16.55528230151807,0.5,0.5,Pigato L.
W35 Terrassa ITF Women,clay,Outdoor,Rouvroy M.,Bandecchi S.,xhsuPZNK,EsWES72T,1/8-finals,2025-03-26,,,,,,,,,0,0,0,0.0,0.0,0.0,0,15-18,0.41722358849240965,0.5827764115075904,Bandecchi S.,16.55528230151807,0.5,0.5,Rouvroy M.
M15 Nonthaburi 3 ITF Men,hard,Outdoor,Charoenphon Y.,Lee J. M.,CjkiYQp0,jo0rWAGm,1/16-finals,2025-03-26,,1050.0,,12.0,,,,,0,0,0,0.0,0.0,0.0,0,15-18,0.44637357415090345,0.5536264258490966,Lee J. M.,10.72528516981931,0.5,0.5,Charoenphon Y.
M15 Nonthaburi 3 ITF Men,hard,Outdoor,Malaszszak M.,Sornlaksup P.,W2w9KWsg,CnQoeiqR,1/16-finals,2025-03-26,1423.0,835.0,4.0,24.0,588.0,-20.0,1129.0,,0,0,0,0.0,0.0,0.0,0,15-18,0.4098776234320642,0.5901223765679358,Sornlaksup P.,18.024475313587164,0.5,0.5,Malaszszak M.
M15 Nonthaburi 3 ITF Men,hard,Outdoor,Tabacco F.,Dzhavakian Y.,YsZhirsa,ATs6urG2,1/16-finals,2025-03-26,799.0,505.0,28.0,79.0,294.0,-51.0,652.0,,0,0,0,0.0,0.0,0.0,0,15-18,0.400618772981358,0.599381227018642,Dzhavakian Y.,19.876245403728397,0.5,0.5,Tabacco F.
M15 Nonthaburi 3 ITF Men,hard,Outdoor,Bobrov B.,Castelnuovo L.,nNUXcRJe,tMTm47i0,1/16-finals,2025-03-26,529.0,748.0,72.0,33.0,-219.0,39.0,638.5,,0,0,0,0.0,0.0,0.0,0,15-18,0.4726503950803809,0.5273496049196191,Castelnuovo L.,5.469920983923815,0.5,0.5,Bobrov B.
M15 Nonthaburi 3 ITF Men,hard,Outdoor,Koaykul K.,Park U.,jZToCLWe,CxUpojVi,1/16-finals,2025-03-26,1668.0,979.0,2.0,15.0,689.0,-13.0,1323.5,,0,0,0,0.0,0.0,0.0,0,15-18,0.4066487216079125,0.5933512783920876,Park U.,18.6702556784175,0.5,0.5,Koaykul K.
M15 Nonthaburi 3 ITF Men,hard,Outdoor,Khazime D.,Chaiyarin C.,AaT3mCUg,KADep48p,1/16-finals,2025-03-26,1063.0,1288.0,12.0,6.0,-225.0,6.0,1175.5,,0,0,0,0.0,0.0,0.0,0,15-18,0.45473597846615366,0.5452640215338463,Chaiyarin C.,9.052804306769268,0.5,0.5,Khazime D.
M15 Nonthaburi 3 ITF Men,hard,Outdoor,Congcar C.,Imai S.,l0MCAqyK,UDGJst62,1/16-finals,2025-03-26,,548.0,,66.0,,,,,0,0,0,0.0,0.0,0.0,0,15-18,0.4432725623089061,0.5567274376910939,Imai S.,11.34548753821878,0.5,0.5,Congcar C.
M15 Nonthaburi 3 ITF Men,hard,Outdoor,Bar Biryukov P.,Knaff A.,KtZmtx2f,QgRlFufK,1/16-finals,2025-03-26,365.0,726.0,138.0,36.0,-361.0,102.0,545.5,,0,0,0,0.0,0.0,0.0,0,15-18,0.48211299263405627,0.5178870073659437,Knaff A.,3.577401473188746,0.5,0.5,Bar Biryukov P.
M15 Nonthaburi 3 ITF Men,hard,Outdoor,Palan D.,Chanta T.,Q5wGqMq4,pd5sYLNR,1/16-finals,2025-03-26,618.0,704.0,52.0,39.0,-86.0,13.0,661.0,,0,0,0,0.0,0.0,0.0,0,15-18,0.4518593222780174,0.5481406777219826,Chanta T.,9.628135544396521,0.5,0.5,Palan D.
M15 Nonthaburi 3 ITF Men,hard,Outdoor,Tokuda R.,Lee D. H.,l2DRgi3R,jXtRZ7Uf,1/16-finals,2025-03-26,843.0,765.0,23.0,31.0,78.0,-8.0,804.0,,0,0,0,0.0,0.0,0.0,0,15-18,0.40732581662747513,0.5926741833725249,Lee D. H.,18.534836674504973,0.5,0.5,Tokuda R.
M15 Nonthaburi 3 ITF Men,hard,Outdoor,Lobanov A.,Weber A.,Chg6ehb2,6Bmf3gr6,1/16-finals,2025-03-26,935.0,554.0,18.0,65.0,381.0,-47.0,744.5,,0,0,0,0.0,0.0,0.0,0,15-18,0.40043124994627144,0.5995687500537286,Weber A.,19.913750010745712,0.5,0.5,Lobanov A.
M15 Nonthaburi 3 ITF Men,hard,Outdoor,M Rifqi F.,Steiner M.,YX3TOSit,UiXnGhIl,1/16-finals,2025-03-26,1222.0,712.0,7.0,38.0,510.0,-31.0,967.0,,0,0,0,0.0,0.0,0.0,0,15-18,0.41325974497448736,0.5867402550255126,Steiner M.,17.348051005102526,0.5,0.5,M Rifqi F.
M15 Nonthaburi 3 ITF Men,hard,Outdoor,Donnet E.,Trongcharoenchaikul W.,2kmMRrQ3,Cdn8t1Wm,1/16-finals,2025-03-26,723.0,700.0,36.0,40.0,23.0,-4.0,711.5,,0,0,0,0.0,0.0,0.0,0,15-18,0.40067828568833636,0.5993217143116636,Trongcharoenchaikul W.,19.86434286233273,0.5160352906174708,0.4839647093825292,Donnet E.
M15 Nonthaburi 3 ITF Men,hard,Outdoor,Sarksian D.,Kopeikin V.,QNTNRWub,CGoLBpsd,1/16-finals,2025-03-26,1184.0,1182.0,8.0,8.0,2.0,0.0,1183.0,,0,0,0,0.0,0.0,0.0,0,15-18,0.4002506609913953,0.5997493390086047,Kopeikin V.,19.949867801720945,0.5,0.5,Sarksian D.
W15 Nonthaburi 2 ITF Women,hard,Outdoor,Yodpetch K.,Mariani Mat.,p0I8jh4d,U7qcMQgP,1/16-finals,2025-03-26,,,,,,,,,0,0,0,0.0,0.0,0.0,0,15-18,0.41722358849240965,0.5827764115075904,Mariani Mat.,16.55528230151807,0.5,0.5,Yodpetch K.
W15 Nonthaburi 2 ITF Women,hard,Outdoor,Kumhom L.,Desvignes E. M.,tUgjMPE6,U7GWif8L,1/16-finals,2025-03-26,,,,,,,,,0,0,0,0.0,0.0,0.0,0,15-18,0.41722358849240965,0.5827764115075904,Desvignes E. M.,16.55528230151807,0.5,0.5,Kumhom L.
W15 Nonthaburi 2 ITF Women,hard,Outdoor,Sema E.,Lee J. E.,dM4wkuUD,dWQG4V4S,1/16-finals,2025-03-26,,,,,,,,,0,0,0,0.0,0.0,0.0,0,15-18,0.41722358849240965,0.5827764115075904,Lee J. E.,16.55528230151807,0.5,0.5,Sema E.
W15 Nonthaburi 2 ITF Women,hard,Outdoor,Chanta A.,Szostak M.,vu6u9eYC,fVx4UfUB,1/16-finals,2025-03-26,,,,,,,,,0,0,0,0.0,0.0,0.0,0,15-18,0.41722358849240965,0.5827764115075904,Szostak M.,16.55528230151807,0.5,0.5,Chanta A.
W15 Nonthaburi 2 ITF Women,hard,Outdoor,Longueville R.,Morvayova V.,lnbBgqK8,vP3vu5nm,1/16-finals,2025-03-26,,,,,,,,,0,0,0,0.0,0.0,0.0,0,15-18,0.41722358849240965,0.5827764115075904,Morvayova V.,16.55528230151807,0.5,0.5,Longueville R.
W15 Nonthaburi 2 ITF Women,hard,Outdoor,Matsuda R.,Choi O.,O6D601Xs,8UVSZMUB,1/16-finals,2025-03-26,,,,,,,,,0,0,0,0.0,0.0,0.0,0,15-18,0.41722358849240965,0.5827764115075904,Choi O.,16.55528230151807,0.5,0.5,Matsuda R.
W15 Nonthaburi 2 ITF Women,hard,Outdoor,Jang G.,Sagandikova A.,lj0um52s,nHKY2PCh,1/16-finals,2025-03-26,,,,,,,,,0,0,0,0.0,0.0,0.0,0,15-18,0.41722358849240965,0.5827764115075904,Sagandikova A.,16.55528230151807,0.5,0.5,Jang G.
W15 Nonthaburi 2 ITF Women,hard,Outdoor,Thongkum P.,Im H.,tAbVAlE7,GjTfPHDs,1/16-finals,2025-03-26,,,,,,,,,0,0,0,0.0,0.0,0.0,0,15-18,0.41722358849240965,0.5827764115075904,Im H.,16.55528230151807,0.5,0.5,Thongkum P.
W15 Nonthaburi 2 ITF Women,hard,Outdoor,Buchnik M.,Liu Y.,QsbKz3qh,lzZDrIu3,1/16-finals,2025-03-26,,,,,,,,,0,0,0,0.0,0.0,0.0,0,15-18,0.41722358849240965,0.5827764115075904,Liu Y.,16.55528230151807,0.5,0.5,Buchnik M.
W15 Nonthaburi 2 ITF Women,hard,Outdoor,Kovapitukted P.,Goto R.,QazPsMV3,AiyK4R56,1/8-finals,2025-03-26,,,,,,,,,0,0,0,0.0,0.0,0.0,0,15-18,0.41722358849240965,0.5827764115075904,Goto R.,16.55528230151807,0.5,0.5,Kovapitukted P.
W15 Nonthaburi 2 ITF Women,hard,Outdoor,Nitture A. D.,Kawamura M.,rwS3wvlH,8Anhz9J4,1/8-finals,2025-03-26,,,,,,,,,0,0,0,0.0,0.0,0.0,0,15-18,0.41722358849240965,0.5827764115075904,Kawamura M.,16.55528230151807,0.5,0.5,Nitture A. D.
M15 Monastir 12 ITF Men,hard,Outdoor,Barsukov N.,Bittoun C.,0nmHAnmT,YZx9arkD,1/16-finals,2025-03-26,,625.0,,51.0,,,,,0,0,0,0.0,0.0,0.0,0,15-18,0.44637357415090345,0.5536264258490966,Bittoun C.,10.72528516981931,0.5,0.5,Barsukov N.
M15 Monastir 12 ITF Men,hard,Outdoor,Khamis Y.,Hamza Reguig S.,M58tMUOM,h66Vnxdo,1/16-finals,2025-03-26,2140.0,691.0,1.0,41.0,1449.0,-40.0,1415.5,,0,0,0,0.0,0.0,0.0,0,15-18,0.4262491808974736,0.5737508191025265,Hamza Reguig S.,14.75016382050528,0.5,0.5,Khamis Y.
M15 Monastir 12 ITF Men,hard,Outdoor,Pokorny L.,Slavic N.,YZZma2ED,4xYM97rD,1/16-finals,2025-03-26,433.0,1271.0,109.0,6.0,-838.0,103.0,852.0,,0,0,0,0.0,0.0,0.0,0,15-18,0.458122354432979,0.541877645567021,Slavic N.,8.375529113404202,0.5,0.5,Pokorny L.
M15 Monastir 12 ITF Men,hard,Outdoor,Sciahbasi L.,Murtaza M.,p08bxsEl,6aNxfaYc,1/16-finals,2025-03-26,1312.0,,6.0,,,,,,0,0,0,0.0,0.0,0.0,0,15-18,0.3925901673537013,0.6074098326462987,Murtaza M.,21.481966529259743,0.5,0.5,Sciahbasi L.
M15 Monastir 12 ITF Men,hard,Outdoor,Van Der Meerschen M.,Ouakaa A.,UiuCTISE,2BtG9FCD,1/16-finals,2025-03-26,844.0,690.0,23.0,41.0,154.0,-18.0,767.0,,0,0,0,0.0,0.0,0.0,0,15-18,0.4074638588495394,0.5925361411504606,Ouakaa A.,18.50722823009212,0.5,0.5,Van Der Meerschen M.
M15 Monastir 12 ITF Men,hard,Outdoor,Balshaw F.,Sakellaridis D.,OUFziENR,8fwXlCfa,1/16-finals,2025-03-26,841.0,1131.0,23.0,10.0,-290.0,13.0,986.0,,0,0,0,0.0,0.0,0.0,0,15-18,0.45812982496440424,0.5418701750355958,Sakellaridis D.,8.37403500711915,0.5,0.5,Balshaw F.
M15 Monastir 12 ITF Men,hard,Outdoor,Jans J.,Andaloro F.,GhdpAvaF,GjnmeDpe,1/16-finals,2025-03-26,1637.0,534.0,2.0,71.0,1103.0,-69.0,1085.5,,0,0,0,0.0,0.0,0.0,0,15-18,0.41663255608588995,0.5833674439141101,Andaloro F.,16.67348878282201,0.5,0.5,Jans J.
M15 Monastir 12 ITF Men,hard,Outdoor,Potenza L.,Bojarski A.,KQ97KSpp,AJmY8OO6,1/16-finals,2025-03-26,564.0,1083.0,63.0,11.0,-519.0,52.0,823.5,,0,0,0,0.0,0.0,0.0,0,15-18,0.4487152242945281,0.551284775705472,Bojarski A.,10.256955141094382,0.5,0.5,Potenza L.
M15 Monastir 12 ITF Men,hard,Outdoor,Gatoto A.,Echargui M.,j9ezAOld,65tqemRH,1/16-finals,2025-03-26,,495.0,,82.0,,,,,0,0,0,0.0,0.0,0.0,0,15-18,0.4498567236091868,0.5501432763908132,Echargui M.,10.028655278162635,0.5,0.5,Gatoto A.
M15 Monastir 12 ITF Men,hard,Outdoor,Shoaib M.,Tonejc V.,lQRZs2Zo,Y334kd7K,1/16-finals,2025-03-26,,1145.0,,9.0,,,,,0,0,0,0.0,0.0,0.0,0,15-18,0.44637357415090345,0.5536264258490966,Tonejc V.,10.72528516981931,0.5,0.5,Shoaib M.
M15 Monastir 12 ITF Men,hard,Outdoor,Bax F.,Ifi N.,bLE16tQq,6NaaN5f3,1/16-finals,2025-03-26,499.0,1016.0,81.0,14.0,-517.0,67.0,757.5,,0,0,0,0.0,0.0,0.0,0,15-18,0.46182275015681623,0.5381772498431838,Ifi N.,7.635449968636754,0.5,0.5,Bax F.
M15 Monastir 12 ITF Men,hard,Outdoor,Rapagnetta D.,Makhlouf N.,h8p2EBeE,I17CAyKl,1/16-finals,2025-03-26,1039.0,1106.0,13.0,11.0,-67.0,2.0,1072.5,,0,0,0,0.0,0.0,0.0,0,15-18,0.4551368935112971,0.5448631064887028,Makhlouf N.,8.972621297740579,0.5,0.5,Rapagnetta D.
M15 Monastir 12 ITF Men,hard,Outdoor,Giunta M.,Nemeth A.,hQkb3GZ8,Us7emqhJ,1/16-finals,2025-03-26,698.0,,40.0,,,,,,0,0,0,0.0,0.0,0.0,0,15-18,0.39509904517349187,0.6049009548265081,Nemeth A.,20.980190965301627,0.5,0.5,Giunta M.
W15 Monastir 12 ITF Women,hard,Outdoor,Bubelyte K.,Osterreicher M.,Sb6CGLWs,jusLldyn,1/16-finals,2025-03-26,,,,,,,,,0,0,0,0.0,0.0,0.0,0,15-18,0.41722358849240965,0.5827764115075904,Osterreicher M.,16.55528230151807,0.5,0.5,Bubelyte K.
W15 Monastir 12 ITF Women,hard,Outdoor,Koller A.,Lollia M.,pSohw4mS,fRhMaEoN,1/16-finals,2025-03-26,,,,,,,,,0,0,0,0.0,0.0,0.0,0,15-18,0.41722358849240965,0.5827764115075904,Lollia M.,16.55528230151807,0.5,0.5,Koller A.
W15 Monastir 12 ITF Women,hard,Outdoor,Podhajecka D.,Stusek J.,6w19qjSO,MN00XZF9,1/16-finals,2025-03-26,,,,,,,,,0,0,0,0.0,0.0,0.0,0,15-18,0.41722358849240965,0.5827764115075904,Stusek J.,16.55528230151807,0.5,0.5,Podhajecka D.
W15 Monastir 12 ITF Women,hard,Outdoor,Leclercq M.,Houghton I.,SMqlAUwp,KxU04saq,1/16-finals,2025-03-26,,,,,,,,,0,0,0,0.0,0.0,0.0,0,15-18,0.41722358849240965,0.5827764115075904,Houghton I.,16.55528230151807,0.5,0.5,Leclercq M.
W15 Monastir 12 ITF Women,hard,Outdoor,Toma M.,Guth M.,6VsLBptb,d0rtetKq,1/16-finals,2025-03-26,,,,,,,,,0,0,0,0.0,0.0,0.0,0,15-18,0.41722358849240965,0.5827764115075904,Guth M.,16.55528230151807,0.5,0.5,Toma M.
W15 Monastir 12 ITF Women,hard,Outdoor,Maines N.,Pfeifer L.,dC39VtqR,z5oXSOEn,1/16-finals,2025-03-26,,,,,,,,,0,0,0,0.0,0.0,0.0,0,15-18,0.41722358849240965,0.5827764115075904,Pfeifer L.,16.55528230151807,0.5,0.5,Maines N.
W15 Monastir 12 ITF Women,hard,Outdoor,Radovanovic N.,Khomutsianskaya D.,hrwKEMB4,dS1n45Hp,1/16-finals,2025-03-26,,,,,,,,,0,0,0,0.0,0.0,0.0,0,15-18,0.41722358849240965,0.5827764115075904,Khomutsianskaya D.,16.55528230151807,0.5,0.5,Radovanovic N.
W15 Monastir 12 ITF Women,hard,Outdoor,Zabolotnaia E.,Defalco J.,fXlM23Bd,rVFPILMh,1/16-finals,2025-03-26,,,,,,,,,0,0,0,0.0,0.0,0.0,0,15-18,0.41722358849240965,0.5827764115075904,Defalco J.,16.55528230151807,0.5,0.5,Zabolotnaia E.
W15 Monastir 12 ITF Women,hard,Outdoor,Van den Broek I. L.,Grignac C.,jgkwgMP1,CrtSCmb5,1/16-finals,2025-03-26,,,,,,,,,0,0,0,0.0,0.0,0.0,0,15-18,0.41722358849240965,0.5827764115075904,Grignac C.,16.55528230151807,0.5,0.5,Van den Broek I. L.
W15 Monastir 12 ITF Women,hard,Outdoor,Van Emst S.,Blomqvist C.,rHTIZlAr,n5vHDoeR,1/16-finals,2025-03-26,,,,,,,,,0,0,0,0.0,0.0,0.0,0,15-18,0.41722358849240965,0.5827764115075904,Blomqvist C.,16.55528230151807,0.5,0.5,Van Emst S.
W15 Monastir 12 ITF Women,hard,Outdoor,Lemaitre T.,Yesypchuk D.,v5Rqcqd7,0zDON03M,1/16-finals,2025-03-26,,,,,,,,,0,0,0,0.0,0.0,0.0,0,15-18,0.41722358849240965,0.5827764115075904,Yesypchuk D.,16.55528230151807,0.5,0.5,Lemaitre T.
W15 Monastir 12 ITF Women,hard,Outdoor,Du Pree B.,Popescu A.,p0O7n3eA,CGqLKuqS,1/16-finals,2025-03-26,,,,,,,,,0,0,0,0.0,0.0,0.0,0,15-18,0.41722358849240965,0.5827764115075904,Popescu A.,16.55528230151807,0.5,0.5,Du Pree B.
W15 Monastir 12 ITF Women,hard,Outdoor,Pellicano H.,Zelnickova R.,UPrgyu7e,2yKQRdij,1/16-finals,2025-03-26,,,,,,,,,0,0,0,0.0,0.0,0.0,0,15-18,0.41722358849240965,0.5827764115075904,Zelnickova R.,16.55528230151807,0.5,0.5,Pellicano H.
Antalya 2 Chall. Women,clay,Outdoor,Carle M. L.,Romero Gormaz L.,bHSsQ9ek,KzaX6MH4,1/16-finals,2025-03-26,,,,,,,,,0,0,0,0.0,0.0,0.0,0,15-18,0.41722358849240965,0.5827764115075904,Romero Gormaz L.,16.55528230151807,0.5,0.5,Carle M. L.
Antalya 2 Chall. Women,clay,Outdoor,Gao X.,Naef C.,l2kcaiDr,0pESKoy5,1/16-finals,2025-03-26,,,,,,,,,0,0,0,0.0,0.0,0.0,0,15-18,0.41722358849240965,0.5827764115075904,Naef C.,16.55528230151807,0.47453458173685276,0.5254654182631473,Naef C.
Antalya 2 Chall. Women,clay,Outdoor,Jimenez Kasintseva V.,Buyukakcay C.,hU5bke4O,UNGRpcCm,1/16-finals,2025-03-26,,,,,,,,,0,0,0,0.0,0.0,0.0,0,15-18,0.41722358849240965,0.5827764115075904,Buyukakcay C.,16.55528230151807,0.5,0.5,Jimenez Kasintseva V.
Antalya 2 Chall. Women,clay,Outdoor,Rakhimova K.,Chwalinska M.,boU2UKtN,OIxOD54s,1/16-finals,2025-03-26,,,,,,,,,0,0,0,0.0,0.0,0.0,0,15-18,0.41722358849240965,0.5827764115075904,Chwalinska M.,16.55528230151807,0.5,0.5,Rakhimova K.
Antalya 2 Chall. Women,clay,Outdoor,Udvardy P.,Bouzas Maneiro J.,bLI5Djkk,Gj20DdaG,1/16-finals,2025-03-26,,,,,,,,,0,0,0,0.0,0.0,0.0,0,15-18,0.41722358849240965,0.5827764115075904,Bouzas Maneiro J.,16.55528230151807,0.5,0.5,Udvardy P.
Antalya 2 Chall. Women,clay,Outdoor,Erjavec V.,Teichmann J.,rsErY1Yt,nTL4I2Xq,1/16-finals,2025-03-26,,,,,,,,,0,0,0,0.0,0.0,0.0,0,15-18,0.41722358849240965,0.5827764115075904,Teichmann J.,16.55528230151807,0.5,0.5,Erjavec V.
Antalya 2 Chall. Women,clay,Outdoor,Bejlek S.,Martic P.,jVCKq0LH,r9RckFqs,1/16-finals,2025-03-26,,,,,,,,,0,0,0,0.0,0.0,0.0,0,15-18,0.41722358849240965,0.5827764115075904,Martic P.,16.55528230151807,0.5,0.5,Bejlek S.
Antalya 2 Chall. Women,clay,Outdoor,Danilovic O.,Lachinova A.,ID57P88P,nNmYIgp2,1/16-finals,2025-03-26,,,,,,,,,0,0,0,0.0,0.0,0.0,0,15-18,0.41722358849240965,0.5827764115075904,Lachinova A.,16.55528230151807,0.5,0.5,Danilovic O.
Antalya 2 Chall. Women,clay,Outdoor,Semenistaja D.,Todoni A. A.,fLqCAoUb,zXTgcZem,,2025-03-26,,,,,,,,,0,0,0,0.0,0.0,0.0,0,15-18,0.4204987478401024,0.5795012521598977,Todoni A. A.,15.900250431979524,0.5,0.5,Semenistaja D.
Antalya 2 Chall. Women,clay,Outdoor,Semenistaja D.,Zidansek T.,fLqCAoUb,UiaMC9xj,1/16-finals,2025-03-26,,,,,,,,,0,0,0,0.0,0.0,0.0,0,15-18,0.41722358849240965,0.5827764115075904,Zidansek T.,16.55528230151807,0.5,0.5,Semenistaja D.
Antalya 2 Chall. Women,clay,Outdoor,Oz I.,Bogdan A.,Oxue6Cgb,046jJj30,1/16-finals,2025-03-26,,,,,,,,,0,0,0,0.0,0.0,0.0,0,15-18,0.41722358849240965,0.5827764115075904,Bogdan A.,16.55528230151807,0.5,0.5,Oz I.
M15 Antalya 10 ITF Men,clay,Outdoor,Agabigun S.,Milev Y.,jN7RZbmb,6HaaZh9U,1/16-finals,2025-03-26,1637.0,584.0,2.0,59.0,1053.0,-57.0,1110.5,,0,0,0,0.0,0.0,0.0,0,15-18,0.42631619962402817,0.5736838003759719,Milev Y.,14.736760075194367,0.5,0.5,Agabigun S.
M15 Antalya 10 ITF Men,clay,Outdoor,Andreescu S. A.,Gulin S.,f1jSEJGT,zsPR6kKa,1/16-finals,2025-03-26,775.0,475.0,31.0,87.0,300.0,-56.0,625.0,,0,0,0,0.0,0.0,0.0,0,15-18,0.397230485088373,0.602769514911627,Gulin S.,20.5539029823254,0.5,0.5,Andreescu S. A.
M15 Antalya 10 ITF Men,clay,Outdoor,Krumich M.,Loge J.,WKaCDElC,SC5WdmHT,1/16-finals,2025-03-26,516.0,687.0,76.0,42.0,-171.0,34.0,601.5,,0,0,0,0.0,0.0,0.0,0,15-18,0.4658752047586313,0.5341247952413687,Loge J.,6.824959048273738,0.5,0.5,Krumich M.
M15 Antalya 10 ITF Men,clay,Outdoor,Nicod J.,Petkovic M.,bXDP9OZ5,jFlzjsv5,1/16-finals,2025-03-26,443.0,1146.0,102.0,9.0,-703.0,93.0,794.5,,0,0,0,0.0,0.0,0.0,0,15-18,0.4549758107025264,0.5450241892974736,Petkovic M.,9.00483785949472,0.5,0.5,Nicod J.
M15 Antalya 10 ITF Men,clay,Outdoor,Arinc K.,Piraino G.,ncP0sjSF,2VTqlA8l,1/16-finals,2025-03-26,1753.0,429.0,2.0,111.0,1324.0,-109.0,1091.0,,0,0,0,0.0,0.0,0.0,0,15-18,0.4292668056811234,0.5707331943188766,Piraino G.,14.146638863775319,0.5,0.5,Arinc K.
M15 Antalya 10 ITF Men,clay,Outdoor,Blanch D.,Slump S.,tEewFwuI,6iwptza2,1/16-finals,2025-03-26,720.0,550.0,37.0,66.0,170.0,-29.0,635.0,,0,0,0,0.0,0.0,0.0,0,15-18,0.403386991572777,0.596613008427223,Slump S.,19.322601685444596,0.4809700445747341,0.519029955425266,Slump S.
M15 Antalya 10 ITF Men,clay,Outdoor,Fomin S.,Sevilla I.,nsLeJUw8,nBquqfpl,1/16-finals,2025-03-26,543.0,1357.0,68.0,5.0,-814.0,63.0,950.0,,0,0,0,0.0,0.0,0.0,0,15-18,0.4549859065144094,0.5450140934855906,Sevilla I.,9.00281869711812,0.5,0.5,Fomin S.
M15 Antalya 10 ITF Men,clay,Outdoor,Klok D.,Faurel T.,rau6U2Wp,vgfc2Q2F,1/16-finals,2025-03-26,802.0,1363.0,28.0,5.0,-561.0,23.0,1082.5,,0,0,0,0.0,0.0,0.0,0,15-18,0.4481838862427597,0.5518161137572404,Faurel T.,10.363222751448065,0.5,0.5,Klok D.
M15 Antalya 10 ITF Men,clay,Outdoor,Ghetu G.,Rottgering M.,hKlKZQLd,QcUMcWQE,1/16-finals,2025-03-26,1228.0,862.0,7.0,22.0,366.0,-15.0,1045.0,,0,0,0,0.0,0.0,0.0,0,15-18,0.4001071418105767,0.5998928581894233,Rottgering M.,19.978571637884656,0.5215978910493869,0.4784021089506131,Ghetu G.
M15 Antalya 10 ITF Men,clay,Outdoor,Picchione A.,Figl M.,UgYMlRTa,xEarjnsm,1/16-finals,2025-03-26,357.0,1463.0,143.0,4.0,-1106.0,139.0,910.0,,0,0,0,0.0,0.0,0.0,0,15-18,0.45157383471102025,0.5484261652889797,Figl M.,9.68523305779595,0.5,0.5,Picchione A.
M15 Antalya 10 ITF Men,clay,Outdoor,Nedelko I.,Baragiola Mordini T. C.,fDQ48vnb,M3SIsJoo,1/16-finals,2025-03-26,893.0,,20.0,,,,,,0,0,0,0.0,0.0,0.0,0,15-18,0.39524653780471974,0.6047534621952803,Baragiola Mordini T. C.,20.950692439056052,0.46527802511626754,0.5347219748837324,Baragiola Mordini T. C.
M15 Antalya 10 ITF Men,clay,Outdoor,Stankovic S.,Demanet E.,pOfJqQGb,buC7ACRr,1/16-finals,2025-03-26,1402.0,652.0,4.0,47.0,750.0,-43.0,1027.0,,0,0,0,0.0,0.0,0.0,0,15-18,0.42292725446807033,0.5770727455319297,Demanet E.,15.414549106385934,0.5,0.5,Stankovic S.
M15 Antalya 10 ITF Men,clay,Outdoor,Matuszewski G.,La Cava I.,CYvVxRcF,vau4nOEI,1/16-finals,2025-03-26,1753.0,,2.0,,,,,,0,0,0,0.0,0.0,0.0,0,15-18,0.3925901673537013,0.6074098326462987,La Cava I.,21.481966529259743,0.5,0.5,Matuszewski G.
M15 Antalya 10 ITF Men,clay,Outdoor,Yazdani A.,Vankan M.,K4Tc2jfo,f5JHTw8p,1/16-finals,2025-03-26,1484.0,713.0,3.0,38.0,771.0,-35.0,1098.5,,0,0,0,0.0,0.0,0.0,0,15-18,0.42292725446807033,0.5770727455319297,Vankan M.,15.414549106385934,0.5,0.5,Yazdani A.
M15 Antalya 10 ITF Men,clay,Outdoor,Peiro Serrano A.,Manzanera Pertusa A.,M1VIlUGq,Em6VB5YH,1/16-finals,2025-03-26,,643.0,,48.0,,,,,0,0,0,0.0,0.0,0.0,0,15-18,0.44637357415090345,0.5536264258490966,Manzanera Pertusa A.,10.72528516981931,0.5,0.5,Peiro Serrano A.
M15 Antalya 10 ITF Men,clay,Outdoor,Barreto Sanchez D. A.,Von der Schulenburg J.,Y3fPZsZj,tfb3h6El,1/16-finals,2025-03-26,597.0,1175.0,57.0,8.0,-578.0,49.0,886.0,,0,0,0,0.0,0.0,0.0,0,15-18,0.4420075920825264,0.5579924079174736,Von der Schulenburg J.,11.598481583494724,0.5,0.5,Barreto Sanchez D. A.
W35 Antalya 4 ITF Women,clay,Outdoor,Oktiabreva A.,Yoruk I.,2ozhvVx0,x4gMgxcQ,1/16-finals,2025-03-26,,,,,,,,,0,0,0,0.0,0.0,0.0,0,15-18,0.41722358849240965,0.5827764115075904,Yoruk I.,16.55528230151807,0.5,0.5,Oktiabreva A.
W35 Antalya 4 ITF Women,clay,Outdoor,Stieg F.,Han J.,jD1IBsBT,fXZ4zUIU,1/16-finals,2025-03-26,,,,,,,,,0,0,0,0.0,0.0,0.0,0,15-18,0.41722358849240965,0.5827764115075904,Han J.,16.55528230151807,0.5,0.5,Stieg F.
W35 Antalya 4 ITF Women,clay,Outdoor,Gettwart F.,Amariei I. D.,MmgU4057,hnSjsqNn,1/16-finals,2025-03-26,,,,,,,,,0,0,0,0.0,0.0,0.0,0,15-18,0.41722358849240965,0.5827764115075904,Amariei I. D.,16.55528230151807,0.5,0.5,Gettwart F.
W35 Antalya 4 ITF Women,clay,Outdoor,Kuczer D.,Bulatova A.,rkrsyiug,WdlTOqRu,1/16-finals,2025-03-26,,,,,,,,,0,0,0,0.0,0.0,0.0,0,15-18,0.41722358849240965,0.5827764115075904,Bulatova A.,16.55528230151807,0.5,0.5,Kuczer D.
W35 Antalya 4 ITF Women,clay,Outdoor,Kovackova A.,Karatancheva L.,jR0q9v5K,zqwKJ6Yd,1/16-finals,2025-03-26,,,,,,,,,0,0,0,0.0,0.0,0.0,0,15-18,0.41722358849240965,0.5827764115075904,Karatancheva L.,16.55528230151807,0.5,0.5,Kovackova A.
W35 Antalya 4 ITF Women,clay,Outdoor,Petkovic A.,Toth A. K.,OzZIy4oq,6s0Bm30D,1/16-finals,2025-03-26,,,,,,,,,0,0,0,0.0,0.0,0.0,0,15-18,0.41722358849240965,0.5827764115075904,Toth A. K.,16.55528230151807,0.5,0.5,Petkovic A.
W35 Antalya 4 ITF Women,clay,Outdoor,Ambrosio S.,Dilek D.,tEP1bDQ8,dEQa9FEi,1/16-finals,2025-03-26,,,,,,,,,0,0,0,0.0,0.0,0.0,0,15-18,0.41722358849240965,0.5827764115075904,Dilek D.,16.55528230151807,0.5,0.5,Ambrosio S.
W35 Antalya 4 ITF Women,clay,Outdoor,Turkmen D.,Dinu C.,Ukf9o1b1,Q3wtrOvH,1/16-finals,2025-03-26,,,,,,,,,0,0,0,0.0,0.0,0.0,0,15-18,0.41722358849240965,0.5827764115075904,Dinu C.,16.55528230151807,0.5,0.5,Turkmen D.
W35 Antalya 4 ITF Women,clay,Outdoor,Kotliar Y.,Jones M.,QBLvktT9,zklD8eTM,1/16-finals,2025-03-26,,,,,,,,,0,0,0,0.0,0.0,0.0,0,15-18,0.41722358849240965,0.5827764115075904,Jones M.,16.55528230151807,0.5,0.5,Kotliar Y.
W35 Antalya 4 ITF Women,clay,Outdoor,Samson L.,Chlpac A.,WQ5OxBkB,ttInPTAe,1/16-finals,2025-03-26,,,,,,,,,0,0,0,0.0,0.0,0.0,0,15-18,0.41722358849240965,0.5827764115075904,Chlpac A.,16.55528230151807,0.5,0.5,Samson L.
W35 Antalya 4 ITF Women,clay,Outdoor,Cakarevic S.,Rocchetti S.,4U3Rn6Sc,IJnvz0Yb,1/16-finals,2025-03-26,,,,,,,,,0,0,0,0.0,0.0,0.0,0,15-18,0.41722358849240965,0.5827764115075904,Rocchetti S.,16.55528230151807,0.5,0.5,Cakarevic S.
W35 Antalya 4 ITF Women,clay,Outdoor,Sobolieva A.,Demidova D.,4AGU3dN1,UumN7sAb,1/16-finals,2025-03-26,,,,,,,,,0,0,0,0.0,0.0,0.0,0,15-18,0.41722358849240965,0.5827764115075904,Demidova D.,16.55528230151807,0.5,0.5,Sobolieva A.
W35 Antalya 4 ITF Women,clay,Outdoor,Stankovic A.,Lovric P.,MVlyno90,tjmKNr7A,1/16-finals,2025-03-26,,,,,,,,,0,0,0,0.0,0.0,0.0,0,15-18,0.41722358849240965,0.5827764115075904,Lovric P.,16.55528230151807,0.5,0.5,Stankovic A.
W35 Antalya 4 ITF Women,clay,Outdoor,Kovackova J.,Ciric Bagaric L.,KjxcnQaN,CQrcqp08,1/16-finals,2025-03-26,,,,,,,,,0,0,0,0.0,0.0,0.0,0,15-18,0.41722358849240965,0.5827764115075904,Ciric Bagaric L.,16.55528230151807,0.5,0.5,Kovackova J.
W35 Antalya 4 ITF Women,clay,Outdoor,Herazo Gonzalez M.,Bosaia E.,QydF0vXo,0MyCrInh,1/16-finals,2025-03-26,,,,,,,,,0,0,0,0.0,0.0,0.0,0,15-18,0.41722358849240965,0.5827764115075904,Bosaia E.,16.55528230151807,0.5,0.5,Herazo Gonzalez M.
W35 Antalya 4 ITF Women,clay,Outdoor,Glushkova D.,Bredberg Canizares D.,GCVy5Dvm,p8G6CEiE,1/16-finals,2025-03-26,,,,,,,,,0,0,0,0.0,0.0,0.0,0,15-18,0.41722358849240965,0.5827764115075904,Bredberg Canizares D.,16.55528230151807,0.5,0.5,Glushkova D.
"M25 Calabasas, CA ITF Men",hard,Outdoor,Blanch Dar.,Maloney P.,67fP0sJ3,O0rbwCc1,1/16-finals,2025-03-26,685.0,413.0,42.0,116.0,272.0,-74.0,549.0,,0,0,0,0.0,0.0,0.0,0,15-18,0.4099456696374375,0.5900543303625625,Maloney P.,18.0108660725125,0.5,0.5,Blanch Dar.
"M25 Calabasas, CA ITF Men",hard,Outdoor,Martin A.,Frusina A.,h2AG5rdm,SYj8i1Zj,1/16-finals,2025-03-26,494.0,1576.0,82.0,3.0,-1082.0,79.0,1035.0,,0,0,0,0.0,0.0,0.0,0,15-18,0.4581403897302046,0.5418596102697955,Frusina A.,8.37192205395908,0.4930387599286157,0.5069612400713843,Frusina A.
"M25 Calabasas, CA ITF Men",hard,Outdoor,Monday J.,Johnston N.,AZ8DoX8b,Uur39aU7,1/16-finals,2025-03-26,288.0,1619.0,186.0,2.0,-1331.0,184.0,953.5,,0,0,0,0.0,0.0,0.0,0,15-18,0.46182275015681623,0.5381772498431838,Johnston N.,7.635449968636754,0.5,0.5,Monday J.
"M25 Calabasas, CA ITF Men",hard,Outdoor,Nanda G.,Homberg M.,YybLIQyl,f54w66h2,1/16-finals,2025-03-26,391.0,876.0,122.0,21.0,-485.0,101.0,633.5,,0,0,0,0.0,0.0,0.0,0,15-18,0.4755043232504427,0.5244956767495573,Homberg M.,4.899135349911465,0.5,0.5,Nanda G.
"M25 Calabasas, CA ITF Men",hard,Outdoor,Chopra K.,Dostanic S.,vmW1Kg5g,jiqOrpb5,1/16-finals,2025-03-26,1239.0,485.0,7.0,84.0,754.0,-77.0,862.0,,0,0,0,0.0,0.0,0.0,0,15-18,0.41324003842849677,0.5867599615715032,Dostanic S.,17.351992314300645,0.5,0.5,Chopra K.
"M25 Calabasas, CA ITF Men",hard,Outdoor,Kirchheimer S.,Strode I.,AebXIVfC,AZQVo1Ip,1/16-finals,2025-03-26,604.0,895.0,54.0,20.0,-291.0,34.0,749.5,,0,0,0,0.0,0.0,0.0,0,15-18,0.4518666693672734,0.5481333306327266,Strode I.,9.626666126545324,0.46651721882181385,0.5334827811781861,Strode I.
"M25 Calabasas, CA ITF Men",hard,Outdoor,Murgett F.,Poertner L.,EcIrRrO5,6JKk3IWe,1/16-finals,2025-03-26,,868.0,,22.0,,,,,0,0,0,0.0,0.0,0.0,0,15-18,0.44637357415090345,0.5536264258490966,Poertner L.,10.72528516981931,0.5,0.5,Murgett F.
"M25 Calabasas, CA ITF Men",hard,Outdoor,Strode E.,Brumm J.,A7RvGCDF,bo0dpKSC,1/16-finals,2025-03-26,971.0,620.0,16.0,52.0,351.0,-36.0,795.5,,0,0,0,0.0,0.0,0.0,0,15-18,0.40059479404857523,0.5994052059514248,Brumm J.,19.881041190284954,0.5,0.5,Strode E.
"M25 Calabasas, CA ITF Men",hard,Outdoor,Dickerson R.,Martin T.,KKc7qpgc,ncOklfIk,1/16-finals,2025-03-26,1298.0,827.0,6.0,25.0,471.0,-19.0,1062.5,,0,0,0,0.0,0.0,0.0,0,15-18,0.4097670888719375,0.5902329111280624,Martin T.,18.046582225612497,0.389733965011242,0.610266034988758,Martin T.
"M25 Calabasas, CA ITF Men",hard,Outdoor,Gray A.,Fix D.,2PmpIG6p,ILxTqGqU,1/16-finals,2025-03-26,427.0,1095.0,111.0,11.0,-668.0,100.0,761.0,,0,0,0,0.0,0.0,0.0,0,15-18,0.46182275015681623,0.5381772498431838,Fix D.,7.635449968636754,0.4984312945423066,0.5015687054576934,Fix D.
"M25 Calabasas, CA ITF Men",hard,Outdoor,Hohmann R.,Nuno R.,YuYFR8Q1,OAvtMzLG,1/16-finals,2025-03-26,1339.0,,5.0,,,,,,0,0,0,0.0,0.0,0.0,0,15-18,0.3925901673537013,0.6074098326462987,Nuno R.,21.481966529259743,0.5,0.5,Hohmann R.
"M25 Calabasas, CA ITF Men",hard,Outdoor,McKennon M.,Rodriguez R.,AgqRXYce,GUKsGe51,1/16-finals,2025-03-26,668.0,1128.0,45.0,10.0,-460.0,35.0,898.0,,0,0,0,0.0,0.0,0.0,0,15-18,0.4453213777962775,0.5546786222037225,Rodriguez R.,10.9357244407445,0.5,0.5,McKennon M.
Miami ATP,hard,Outdoor,Zverev A.,Fils A.,dGbUhw9m,IoIhUqIN,1/8-finals,2025-03-26,2.0,18.0,7945.0,2480.0,-16.0,5465.0,10.0,,1,3,-2,0.0,0.0,0.0,0,15-18,0.6672191830430154,0.3327808169569846,Zverev A.,33.443836608603085,0.6962292682326288,0.30377073176737124,Zverev A.
Miami ATP,hard,Outdoor,Cerundolo F.,Dimitrov G.,lWQ3G6gB,SQgEEKh4,Quarter-finals,2025-03-26,24.0,15.0,1925.0,2745.0,9.0,-820.0,19.5,,1,0,1,0.0,0.0,0.0,0,15-18,0.4563195958328202,0.5436804041671798,Dimitrov G.,8.736080833435956,0.2915279527007718,0.7084720472992282,Dimitrov G.
Miami ATP,hard,Outdoor,Korda S.,Djokovic N.,SYklCTPO,AZg49Et9,Quarter-finals,2025-03-26,25.0,5.0,1860.0,3860.0,20.0,-2000.0,15.0,,0,1,-1,0.0,0.0,0.0,0,15-18,0.3678037782843878,0.6321962217156122,Djokovic N.,26.439244343122436,0.16254009955249382,0.8374599004475062,Djokovic N.
Miami WTA,hard,Outdoor,Eala A.,Swiatek I.,ppu9X7PH,jNyZsXZe,Quarter-finals,2025-03-26,,,,,,,,,0,0,0,0.0,0.0,0.0,0,15-18,0.41722358849240965,0.5827764115075904,Swiatek I.,16.55528230151807,0.5,0.5,Eala A.
Miami WTA,hard,Outdoor,Raducanu E.,Pegula J.,YmIZde1B,KdojxrAR,Quarter-finals,2025-03-26,,,,,,,,,0,0,0,0.0,0.0,0.0,0,15-18,0.41722358849240965,0.5827764115075904,Pegula J.,16.55528230151807,0.5,0.5,Raducanu E.
