Tournament,Surface,Court,Player_1,Player_2,ID_P1,ID_P2,Round,Date,Rank_1,Rank_2,Pts_1,Pts_2,Rank_Diff,Pts_Diff,Avg_Rank,Round_Ordinal,H2H_P1,H2H_P2,H2H_Diff,Form_Score_P1,Form_Score_P2,Form_Diff,Proba_Player1,Proba_Player2,Predicted_Winner,Confidence
M25 Lujan ITF Men,clay,Outdoor,Kestelboim M.,Ratti L.,2BfFVH4T,xdrR3fug,1/16-finals,2025-03-26,491.0,1447.0,83.0,4.0,-956.0,79.0,969.0,,0,0,0,0.0,0.0,0.0,0.34141546240599085,0.6585845375940091,Ratti L.,31.71690751880183
M25 Lujan ITF Men,clay,Outdoor,La Serna J. M.,De La Fuente S.,OUerK0bc,xMEO3dkb,1/16-finals,2025-03-26,573.0,880.0,61.0,21.0,-307.0,40.0,726.5,,0,0,0,0.0,0.0,0.0,0.336029121628495,0.663970878371505,De La Fuente S.,32.794175674300995
M25 Lujan ITF Men,clay,Outdoor,Estevez J.,Bagnis F.,v3mDD6Cq,WpBznQ9s,1/16-finals,2025-03-26,576.0,400.0,61.0,119.0,176.0,-58.0,488.0,,0,0,0,0.0,0.0,0.0,0.37782327268781213,0.6221767273121879,Bagnis F.,24.435345462437574
M25 Lujan ITF Men,clay,Outdoor,Bruna N.,Cavallo F.,hEIDkKoL,WUwp7xKO,1/16-finals,2025-03-26,1150.0,995.0,9.0,15.0,155.0,-6.0,1072.5,,0,0,0,0.0,0.0,0.0,0.38640430743619086,0.6135956925638091,Cavallo F.,22.719138512761827
M25 Lujan ITF Men,clay,Outdoor,Garay V.,Cigarran T.,AspJSEc3,EBRfRytK,1/16-finals,2025-03-26,1504.0,977.0,3.0,16.0,527.0,-13.0,1240.5,,0,0,0,0.0,0.0,0.0,0.3742966904303439,0.625703309569656,Cigarran T.,25.14066191393122
M25 Lujan ITF Men,clay,Outdoor,Pagani D.,Rodrigues P.,fotxRUu1,Es9YibKk,1/16-finals,2025-03-26,1584.0,1025.0,2.0,13.0,559.0,-11.0,1304.5,,0,0,0,0.0,0.0,0.0,0.370132423612373,0.629867576387627,Rodrigues P.,25.973515277525404
M25 Lujan ITF Men,clay,Outdoor,Hess S.,Aguilar Cardozo J.,j3bfUX2q,rsXrDrGP,1/16-finals,2025-03-26,1067.0,864.0,12.0,22.0,203.0,-10.0,965.5,,0,0,0,0.0,0.0,0.0,0.38640430743619086,0.6135956925638091,Aguilar Cardozo J.,22.719138512761827
M25 Lujan ITF Men,clay,Outdoor,Midon L.,Bangoura S.,t6jmJKD3,nLdayj1P,1/16-finals,2025-03-26,307.0,1542.0,172.0,3.0,-1235.0,169.0,924.5,,0,0,0,0.0,0.0,0.0,0.33724183651125494,0.6627581634887451,Bangoura S.,32.551632697749014
W75 Vacaria ITF Women,clay (indoor),Outdoor,Bayerlova M.,Papamichail D.,S8Y5B5kc,lEp5rDFG,1/16-finals,2025-03-26,,,,,,,,,0,0,0,0.0,0.0,0.0,0.3584823153228115,0.6415176846771885,Papamichail D.,28.3035369354377
W75 Vacaria ITF Women,clay (indoor),Outdoor,Pigossi L.,Ruggeri J.,l2FaZpEP,2HyunfM6,1/16-finals,2025-03-26,,,,,,,,,0,0,0,0.0,0.0,0.0,0.3584823153228115,0.6415176846771885,Ruggeri J.,28.3035369354377
W75 Vacaria ITF Women,clay (indoor),Outdoor,Tona M.,Jones F.,2wB7CMs9,OU6w8nNa,1/16-finals,2025-03-26,,,,,,,,,0,0,0,0.0,0.0,0.0,0.3584823153228115,0.6415176846771885,Jones F.,28.3035369354377
W75 Vacaria ITF Women,clay (indoor),Outdoor,Oliynykova O.,Herrero Linana A.,WSu6zx5t,tOEf0dHf,1/16-finals,2025-03-26,,,,,,,,,0,0,0,0.0,0.0,0.0,0.3584823153228115,0.6415176846771885,Herrero Linana A.,28.3035369354377
W75 Vacaria ITF Women,clay (indoor),Outdoor,Pedretti T.,Gerald Gonzalez J. G.,fur43pmJ,vwL2eiQj,1/16-finals,2025-03-26,,,,,,,,,0,0,0,0.0,0.0,0.0,0.3584823153228115,0.6415176846771885,Gerald Gonzalez J. G.,28.3035369354377
W75 Vacaria ITF Women,clay (indoor),Outdoor,Fullana L.,Serban R.,v55cXYg7,E9EQl2sR,1/16-finals,2025-03-26,,,,,,,,,0,0,0,0.0,0.0,0.0,0.3584823153228115,0.6415176846771885,Serban R.,28.3035369354377
W75 Vacaria ITF Women,clay (indoor),Outdoor,Ccuno R.,Zantedeschi A.,6B3cLZTF,KIRyWIvq,1/16-finals,2025-03-26,,,,,,,,,0,0,0,0.0,0.0,0.0,0.3584823153228115,0.6415176846771885,Zantedeschi A.,28.3035369354377
W75 Vacaria ITF Women,clay (indoor),Outdoor,Cherubini D.,Riera J.,ltparF2J,K4Sih0XH,1/16-finals,2025-03-26,,,,,,,,,0,0,0,0.0,0.0,0.0,0.3584823153228115,0.6415176846771885,Riera J.,28.3035369354377
W75 Vacaria ITF Women,clay (indoor),Outdoor,Kozyreva M.,Strakhova V.,vqjYeY1t,dO8fjQAB,1/16-finals,2025-03-26,,,,,,,,,0,0,0,0.0,0.0,0.0,0.3584823153228115,0.6415176846771885,Strakhova V.,28.3035369354377
W50 Bujumbura ITF Women,clay,Outdoor,Reguer A.,Nahimana S.,E3vifwME,tbD17Az3,1/16-finals,2025-03-26,,,,,,,,,0,0,0,0.0,0.0,0.0,0.3584823153228115,0.6415176846771885,Nahimana S.,28.3035369354377
W50 Bujumbura ITF Women,clay,Outdoor,Ureke A.,Yadlapalli P.,8Gac9DfK,Gnx2hAe1,1/16-finals,2025-03-26,,,,,,,,,0,0,0,0.0,0.0,0.0,0.3584823153228115,0.6415176846771885,Yadlapalli P.,28.3035369354377
W50 Bujumbura ITF Women,clay,Outdoor,Dartron E.,Naito Y.,zw8Ilv1R,YgiiwIrA,1/16-finals,2025-03-26,,,,,,,,,0,0,0,0.0,0.0,0.0,0.3584823153228115,0.6415176846771885,Naito Y.,28.3035369354377
W50 Bujumbura ITF Women,clay,Outdoor,Hoedt M.,Lew Yan Foon A.,zaFHvp8f,CvKf6QyA,1/16-finals,2025-03-26,,,,,,,,,0,0,0,0.0,0.0,0.0,0.3584823153228115,0.6415176846771885,Lew Yan Foon A.,28.3035369354377
W50 Bujumbura ITF Women,clay,Outdoor,Gimbrere J.,Leon S.,Y3xbVlDh,COFfZDNn,1/16-finals,2025-03-26,,,,,,,,,0,0,0,0.0,0.0,0.0,0.3584823153228115,0.6415176846771885,Leon S.,28.3035369354377
W50 Bujumbura ITF Women,clay,Outdoor,Bhunu V.,Visscher S. J.,hfMLmmtr,6ornLmvN,1/16-finals,2025-03-26,,,,,,,,,0,0,0,0.0,0.0,0.0,0.3584823153228115,0.6415176846771885,Visscher S. J.,28.3035369354377
W50 Bujumbura ITF Women,clay,Outdoor,Reyngold E.,Zaytseva K.,lpjDUxQf,vyqrLx1t,1/16-finals,2025-03-26,,,,,,,,,0,0,0,0.0,0.0,0.0,0.3584823153228115,0.6415176846771885,Zaytseva K.,28.3035369354377
W50 Bujumbura ITF Women,clay,Outdoor,Job K. M.,Tran D.,xbbgw5af,8xcf0Nds,1/16-finals,2025-03-26,,,,,,,,,0,0,0,0.0,0.0,0.0,0.3584823153228115,0.6415176846771885,Tran D.,28.3035369354377
W50 Bujumbura ITF Women,clay,Outdoor,Salvadori M.,Tran L.,hCz0hmH9,hnMwhKrA,1/16-finals,2025-03-26,,,,,,,,,0,0,0,0.0,0.0,0.0,0.3584823153228115,0.6415176846771885,Tran L.,28.3035369354377
Concepcion Chall. Men,clay,Outdoor,Pucinelli de Almeida M.,Galan D. E.,6J1eXqaF,jgzV6009,1/8-finals,2025-03-26,345.0,110.0,148.0,532.0,235.0,-384.0,227.5,,0,0,0,0.0,0.0,0.0,0.45808523166197795,0.5419147683380221,Galan D. E.,8.38295366760441
Concepcion Chall. Men,clay,Outdoor,Justo G. I.,Olivo R.,CjaTkiTr,xftLMguk,1/8-finals,2025-03-26,411.0,373.0,117.0,135.0,38.0,-18.0,392.0,,0,0,0,0.0,0.0,0.0,0.3737956864869449,0.626204313513055,Olivo R.,25.24086270261102
Concepcion Chall. Men,clay,Outdoor,Collarini A.,Olivieri G. A.,zuoQSpCN,lnHtsdAT,1/8-finals,2025-03-26,198.0,324.0,290.0,160.0,-126.0,130.0,261.0,,0,0,0,0.0,0.0,0.0,0.329747779522761,0.670252220477239,Olivieri G. A.,34.050444095447794
Concepcion Chall. Men,clay,Outdoor,Varillas J. P.,Kicker N.,SdnbvebA,SATGSBer,1/8-finals,2025-03-26,236.0,715.0,231.0,37.0,-479.0,194.0,475.5,,0,0,0,0.0,0.0,0.0,0.3290178084292746,0.6709821915707255,Kicker N.,34.196438314145084
M15 Opatija ITF Men,clay,Outdoor,Popovic S.,Milic O.,86SsOMq6,06Zumgy7,1/16-finals,2025-03-26,445.0,1643.0,102.0,2.0,-1198.0,100.0,1044.0,,0,0,0,0.0,0.0,0.0,0.3370550932073705,0.6629449067926295,Milic O.,32.588981358525906
M15 Opatija ITF Men,clay,Outdoor,Rybkin S.,Simundza J.,QHUvQ4YN,rNdizKtN,1/16-finals,2025-03-26,,887.0,,21.0,,,,,0,0,0,0.0,0.0,0.0,0.3416297938538007,0.6583702061461993,Simundza J.,31.674041229239858
M15 Opatija ITF Men,clay,Outdoor,Hallquist Lithen J.,Battiston A.,CGjZME8k,nVq6DVAK,1/16-finals,2025-03-26,925.0,1739.0,18.0,2.0,-814.0,16.0,1332.0,,0,0,0,0.0,0.0,0.0,0.3459809012670394,0.6540190987329606,Battiston A.,30.80381974659212
M15 Opatija ITF Men,clay,Outdoor,Madarasz G.,Obradovic D.,GYSzoU6R,WK1R8GsO,1/16-finals,2025-03-26,792.0,605.0,29.0,54.0,187.0,-25.0,698.5,,0,0,0,0.0,0.0,0.0,0.3906764648582347,0.6093235351417653,Obradovic D.,21.86470702835306
M15 Opatija ITF Men,clay,Outdoor,Sorger S.,Maksimovic M.,YVX2xrZ3,Kj4t2bvk,1/16-finals,2025-03-26,663.0,1147.0,45.0,9.0,-484.0,36.0,905.0,,0,0,0,0.0,0.0,0.0,0.33306485881443554,0.6669351411855644,Maksimovic M.,33.387028237112894
M15 Opatija ITF Men,clay,Outdoor,Mashtakov N.,Kolar Z.,SC4vdKb1,rwvvD1sO,1/16-finals,2025-03-26,882.0,399.0,21.0,120.0,483.0,-99.0,640.5,,0,0,0,0.0,0.0,0.0,0.39978917159733923,0.6002108284026608,Kolar Z.,20.042165680532154
M15 Opatija ITF Men,clay,Outdoor,Bielinskyi V.,Blokhin N.,0zwUw7ae,KlsiVrhT,1/16-finals,2025-03-26,540.0,,69.0,,,,,,0,0,0,0.0,0.0,0.0,0.4225590182064537,0.5774409817935463,Blokhin N.,15.48819635870926
M15 Opatija ITF Men,clay,Outdoor,Ljubicic L.,Kupcic J.,nTvRyJSr,jakl92iG,1/16-finals,2025-03-26,,998.0,,15.0,,,,,0,0,0,0.0,0.0,0.0,0.3416297938538007,0.6583702061461993,Kupcic J.,31.674041229239858
M15 Opatija ITF Men,clay,Outdoor,Kucera J.,Nedic A.,GUBaN5sq,xSEy3vPr,1/16-finals,2025-03-26,1400.0,555.0,4.0,65.0,845.0,-61.0,977.5,,0,0,0,0.0,0.0,0.0,0.36999149714468293,0.6300085028553171,Nedic A.,26.001700571063413
M15 Opatija ITF Men,clay,Outdoor,Voljavec A.,Perez Contri S.,Y1EdzIAQ,nTs4uii1,1/16-finals,2025-03-26,1668.0,721.0,2.0,37.0,947.0,-35.0,1194.5,,0,0,0,0.0,0.0,0.0,0.36215636225603764,0.6378436377439624,Perez Contri S.,27.56872754879247
M15 Opatija ITF Men,clay,Outdoor,Ivanisevic E.,Krivoshchekov M.,QH43HhwS,MgR0ZKCl,1/16-finals,2025-03-26,,,,,,,,,0,0,0,0.0,0.0,0.0,0.3584823153228115,0.6415176846771885,Krivoshchekov M.,28.3035369354377
M15 Opatija ITF Men,clay,Outdoor,Ivanovski K.,Bonsach G. K.,8jFgmHi2,hxWKNTvQ,1/16-finals,2025-03-26,1325.0,781.0,5.0,30.0,544.0,-25.0,1053.0,,0,0,0,0.0,0.0,0.0,0.3820406546348819,0.6179593453651181,Bonsach G. K.,23.59186907302362
M15 Opatija ITF Men,clay,Outdoor,Mikrut L.,Raquillet L.,Wv7XRRCI,6XFOXbPo,1/16-finals,2025-03-26,360.0,1153.0,141.0,9.0,-793.0,132.0,756.5,,0,0,0,0.0,0.0,0.0,0.33425098437344886,0.6657490156265511,Raquillet L.,33.14980312531023
M15 Opatija ITF Men,clay,Outdoor,Gschwendtner J.,Malesevic N.,jsSzo7Us,WMCiPFCQ,1/16-finals,2025-03-26,1124.0,,10.0,,,,,,0,0,0,0.0,0.0,0.0,0.4225590182064537,0.5774409817935463,Malesevic N.,15.48819635870926
M15 Opatija ITF Men,clay,Outdoor,Oberleitner N.,Fuele M.,C02ZcN0K,lz7cCFvD,1/16-finals,2025-03-26,431.0,1373.0,110.0,4.0,-942.0,106.0,902.0,,0,0,0,0.0,0.0,0.0,0.3340419288324049,0.6659580711675951,Fuele M.,33.19161423351902
M15 Opatija ITF Men,clay,Outdoor,Basic N.,Vrbensky M.,SQf6b5n4,CAHWb37o,1/16-finals,2025-03-26,929.0,406.0,18.0,118.0,523.0,-100.0,667.5,,0,0,0,0.0,0.0,0.0,0.4040542220603337,0.5959457779396663,Vrbensky M.,19.18915558793326
M15 Alaminos 3 ITF Men,clay,Outdoor,Ivanov I.,Cazacu D. N.,bF6qCIGF,Ys8BgO2B,1/16-finals,2025-03-26,,828.0,,25.0,,,,,0,0,0,0.0,0.0,0.0,0.34588518075966,0.65411481924034,Cazacu D. N.,30.822963848067996
M15 Alaminos 3 ITF Men,clay,Outdoor,Nagel A.,Bacaloni A.,6eO0SM8J,C0oZl1Vf,1/16-finals,2025-03-26,994.0,1372.0,15.0,5.0,-378.0,10.0,1183.0,,0,0,0,0.0,0.0,0.0,0.3464874214998527,0.6535125785001473,Bacaloni A.,30.702515700029466
M15 Alaminos 3 ITF Men,clay,Outdoor,Parizzia N.,Wazny A.,zPzGK6wK,biMQYYD6,1/16-finals,2025-03-26,1423.0,,4.0,,,,,,0,0,0,0.0,0.0,0.0,0.42705734801663836,0.5729426519833616,Wazny A.,14.588530396672327
M15 Alaminos 3 ITF Men,clay,Outdoor,Rivet M.,Noce G. M.,WlznU7Za,r7oqXqGP,1/16-finals,2025-03-26,699.0,851.0,40.0,23.0,-152.0,17.0,775.0,,0,0,0,0.0,0.0,0.0,0.3207207836362783,0.6792792163637217,Noce G. M.,35.85584327274434
M15 Alaminos 3 ITF Men,clay,Outdoor,Fiorentini A.,Hopp M.,fTVCv9L2,E7xc6a95,1/16-finals,2025-03-26,988.0,1187.0,15.0,8.0,-199.0,7.0,1087.5,,0,0,0,0.0,0.0,0.0,0.33008252154935286,0.6699174784506472,Hopp M.,33.98349569012943
M15 Alaminos 3 ITF Men,clay,Outdoor,Photiades P.,Honda N.,6kzrlteN,pC2uDb19,1/16-finals,2025-03-26,,845.0,,23.0,,,,,0,0,0,0.0,0.0,0.0,0.3416297938538007,0.6583702061461993,Honda N.,31.674041229239858
M15 Alaminos 3 ITF Men,clay,Outdoor,Ionel N. D.,Biondolillo G.,rZoAMC0F,Wd4fwNbr,1/16-finals,2025-03-26,364.0,,139.0,,,,,,0,0,0,0.0,0.0,0.0,0.4225590182064537,0.5774409817935463,Biondolillo G.,15.48819635870926
M15 Alaminos 3 ITF Men,clay,Outdoor,Broska F.,Efstathiou M.,8K76hSpA,pCP9mPxp,1/16-finals,2025-03-26,503.0,1018.0,79.0,14.0,-515.0,65.0,760.5,,0,0,0,0.0,0.0,0.0,0.33734733254524524,0.6626526674547548,Efstathiou M.,32.53053349095095
M15 Alaminos 3 ITF Men,clay,Outdoor,Campbell N.,D'Agostino S.,GMvGztso,C08PWPwb,1/16-finals,2025-03-26,,819.0,,26.0,,,,,0,0,0,0.0,0.0,0.0,0.34588518075966,0.65411481924034,D'Agostino S.,30.822963848067996
M15 Alaminos 3 ITF Men,clay,Outdoor,Hannestad B.,Timini A.,dj37reBs,ribEixGQ,1/16-finals,2025-03-26,1334.0,1547.0,5.0,3.0,-213.0,2.0,1440.5,,0,0,0,0.0,0.0,0.0,0.3378578437182438,0.6621421562817562,Timini A.,32.428431256351246
M15 Alaminos 3 ITF Men,clay,Outdoor,Fabre A.,Boitan G. A.,GYivpAoO,0Y4LAw2l,1/16-finals,2025-03-26,,379.0,,131.0,,,,,0,0,0,0.0,0.0,0.0,0.337349818564551,0.6626501814354491,Boitan G. A.,32.5300362870898
M15 Alaminos 3 ITF Men,clay,Outdoor,Lane L.,Pankin S.,I3n8uQMT,AqOZJFvK,1/16-finals,2025-03-26,1442.0,1006.0,4.0,14.0,436.0,-10.0,1224.0,,0,0,0,0.0,0.0,0.0,0.3742966904303439,0.625703309569656,Pankin S.,25.14066191393122
W15 Alaminos 3 ITF Women,clay,Outdoor,Andronicou N.,Bakhmutkina P.,d6WaEyia,KOUAxQ2S,1/16-finals,2025-03-26,,,,,,,,,0,0,0,0.0,0.0,0.0,0.3584823153228115,0.6415176846771885,Bakhmutkina P.,28.3035369354377
W15 Alaminos 3 ITF Women,clay,Outdoor,Duerst J.,Gram O.,ppuj2p3L,6eP2G2mL,1/16-finals,2025-03-26,,,,,,,,,0,0,0,0.0,0.0,0.0,0.3584823153228115,0.6415176846771885,Gram O.,28.3035369354377
W15 Alaminos 3 ITF Women,clay,Outdoor,Veleva V.,Simion O.,WERggXph,QVBmMmoq,1/16-finals,2025-03-26,,,,,,,,,0,0,0,0.0,0.0,0.0,0.3584823153228115,0.6415176846771885,Simion O.,28.3035369354377
W15 Alaminos 3 ITF Women,clay,Outdoor,Parentini G.,Squarcialupi G.,K83JhMIo,6JHeJHhF,1/16-finals,2025-03-26,,,,,,,,,0,0,0,0.0,0.0,0.0,0.3584823153228115,0.6415176846771885,Squarcialupi G.,28.3035369354377
W15 Alaminos 3 ITF Women,clay,Outdoor,Nagy A.,Gandolfi F.,KppOkDfr,0EyaDiIr,1/16-finals,2025-03-26,,,,,,,,,0,0,0,0.0,0.0,0.0,0.3584823153228115,0.6415176846771885,Gandolfi F.,28.3035369354377
W15 Alaminos 3 ITF Women,clay,Outdoor,Fetecau I.,Pochtovyk K.,88JkTZXP,dzfKzsi1,1/16-finals,2025-03-26,,,,,,,,,0,0,0,0.0,0.0,0.0,0.3584823153228115,0.6415176846771885,Pochtovyk K.,28.3035369354377
W15 Alaminos 3 ITF Women,clay,Outdoor,Vasilyeva A.,Puiac A. L.,KtK3eh8B,Cn81PM8B,1/16-finals,2025-03-26,,,,,,,,,0,0,0,0.0,0.0,0.0,0.3584823153228115,0.6415176846771885,Puiac A. L.,28.3035369354377
W15 Alaminos 3 ITF Women,clay,Outdoor,Udvardy L.,Breen S.,M3bWRDGt,SdeCPdYq,,2025-03-26,,,,,,,,,0,0,0,0.0,0.0,0.0,0.37492536557213507,0.6250746344278649,Breen S.,25.014926885572986
W15 Alaminos 3 ITF Women,clay,Outdoor,Adascalitei A. C.,Breen S.,AugIwGsm,SdeCPdYq,1/16-finals,2025-03-26,,,,,,,,,0,0,0,0.0,0.0,0.0,0.3584823153228115,0.6415176846771885,Breen S.,28.3035369354377
W15 Alaminos 3 ITF Women,clay,Outdoor,Kuznetsova E.,Ricci B.,4E6XfaLk,8bGfUqTM,1/16-finals,2025-03-26,,,,,,,,,0,0,0,0.0,0.0,0.0,0.3584823153228115,0.6415176846771885,Ricci B.,28.3035369354377
W15 Alaminos 3 ITF Women,clay,Outdoor,Ekshibarova V.,Sagmar I.,M70Kn5t7,rgiQyfCa,1/16-finals,2025-03-26,,,,,,,,,0,0,0,0.0,0.0,0.0,0.3584823153228115,0.6415176846771885,Sagmar I.,28.3035369354377
W15 Alaminos 3 ITF Women,clay,Outdoor,Firman A.,Siopacha M.,tOgpGk0f,6L2tYOjo,1/16-finals,2025-03-26,,,,,,,,,0,0,0,0.0,0.0,0.0,0.3584823153228115,0.6415176846771885,Siopacha M.,28.3035369354377
M25 Santo Domingo 2 ITF Men,hard,Outdoor,Cid Subervi R.,Van Orderlain D.,CEMftmEG,r5Knp4CG,1/16-finals,2025-03-26,450.0,1241.0,98.0,7.0,-791.0,91.0,845.5,,0,0,0,0.0,0.0,0.0,0.34141546240599085,0.6585845375940091,Van Orderlain D.,31.71690751880183
M25 Santo Domingo 2 ITF Men,hard,Outdoor,Dougaz A.,Flores J.,0YI8tRD1,0CTefcu8,1/16-finals,2025-03-26,206.0,896.0,277.0,20.0,-690.0,257.0,551.0,,0,0,0,0.0,0.0,0.0,0.3280566718881176,0.6719433281118824,Flores J.,34.38866562237648
M25 Santo Domingo 2 ITF Men,hard,Outdoor,Govila A.,Ross J.,CrIH2KNA,l0yAhRAl,1/16-finals,2025-03-26,1791.0,1125.0,1.0,10.0,666.0,-9.0,1458.0,,0,0,0,0.0,0.0,0.0,0.35884987106722555,0.6411501289327745,Ross J.,28.23002578655489
M25 Santo Domingo 2 ITF Men,hard,Outdoor,Lapadat J.,Bertran P.,rwY3WpTr,xG1pDfib,1/16-finals,2025-03-26,1494.0,469.0,3.0,89.0,1025.0,-86.0,981.5,,0,0,0,0.0,0.0,0.0,0.3606746678638806,0.6393253321361194,Bertran P.,27.865066427223883
M25 Santo Domingo 2 ITF Men,hard,Outdoor,McHugh A.,George B. T.,6mqo5tyC,8jkaOzPA,1/16-finals,2025-03-26,470.0,949.0,88.0,17.0,-479.0,71.0,709.5,,0,0,0,0.0,0.0,0.0,0.3330822820822507,0.6669177179177492,George B. T.,33.38354358354986
M25 Santo Domingo 2 ITF Men,hard,Outdoor,Muamba N.,Burdet A.,hbnMacPT,AFdrt6oC,1/16-finals,2025-03-26,1528.0,1881.0,3.0,1.0,-353.0,2.0,1704.5,,0,0,0,0.0,0.0,0.0,0.3401550529364091,0.659844947063591,Burdet A.,31.968989412718184
M25 Santo Domingo 2 ITF Men,hard,Outdoor,Stice T.,Arseneault N.,tADGocmM,GYqn0WJb,1/16-finals,2025-03-26,860.0,1082.0,22.0,11.0,-222.0,11.0,971.0,,0,0,0,0.0,0.0,0.0,0.3263911360875146,0.6736088639124854,Arseneault N.,34.721772782497084
M25 Santo Domingo 2 ITF Men,hard,Outdoor,Arseneault M.,Vasser O.,AeqjajZ4,fwAGPMY9,1/16-finals,2025-03-26,1432.0,2140.0,4.0,1.0,-708.0,3.0,1786.0,,0,0,0,0.0,0.0,0.0,0.3438971102305748,0.6561028897694252,Vasser O.,31.22057795388504
M25 Santo Domingo 2 ITF Men,hard,Outdoor,Barreiros Reyes M.,Brunclik P.,UoUqKLtE,jVnKvEsp,1/16-finals,2025-03-26,648.0,863.0,47.0,22.0,-215.0,25.0,755.5,,0,0,0,0.0,0.0,0.0,0.33233773616665674,0.6676622638333433,Brunclik P.,33.532452766668655
M25 Santo Domingo 2 ITF Men,hard,Outdoor,Hurrion M.,Evans G.,IcTmRIBf,l8iYsFRb,1/16-finals,2025-03-26,822.0,1407.0,25.0,4.0,-585.0,21.0,1114.5,,0,0,0,0.0,0.0,0.0,0.3408532827994808,0.6591467172005192,Evans G.,31.82934344010384
M25 Santo Domingo 2 ITF Men,hard,Outdoor,Klier Junior G.,Damm M.,IHPjQLNh,vX7WOXtP,1/16-finals,2025-03-26,1046.0,468.0,12.0,89.0,578.0,-77.0,757.0,,0,0,0,0.0,0.0,0.0,0.39883177408370185,0.6011682259162981,Damm M.,20.23364518325963
M25 Santo Domingo 2 ITF Men,hard,Outdoor,Ribeiro E.,Munoz E.,ObAxbvT5,b1RpkmBM,1/16-finals,2025-03-26,598.0,,56.0,,,,,,0,0,0,0.0,0.0,0.0,0.4225590182064537,0.5774409817935463,Munoz E.,15.48819635870926
W50 Santo Domingo 2 ITF Women,hard,Outdoor,Brace C.,Tan H.,ILn43dk2,vqOqBe0i,1/16-finals,2025-03-26,,,,,,,,,0,0,0,0.0,0.0,0.0,0.3584823153228115,0.6415176846771885,Tan H.,28.3035369354377
W50 Santo Domingo 2 ITF Women,hard,Outdoor,Branstine C.,Lim J.,S8vyAxRf,YT8aUj0p,1/16-finals,2025-03-26,,,,,,,,,0,0,0,0.0,0.0,0.0,0.3584823153228115,0.6415176846771885,Lim J.,28.3035369354377
W50 Santo Domingo 2 ITF Women,hard,Outdoor,Burgic E.,Cross K.,YXq37QRe,bNv93cUs,1/16-finals,2025-03-26,,,,,,,,,0,0,0,0.0,0.0,0.0,0.3584823153228115,0.6415176846771885,Cross K.,28.3035369354377
W50 Santo Domingo 2 ITF Women,hard,Outdoor,Fung S.,Daavettila S.,IyCuT8lL,GMSQvTER,1/16-finals,2025-03-26,,,,,,,,,0,0,0,0.0,0.0,0.0,0.3584823153228115,0.6415176846771885,Daavettila S.,28.3035369354377
W50 Santo Domingo 2 ITF Women,hard,Outdoor,Tikhonova A.,Boskovic L.,YDVzHVuJ,YDN2k7yT,1/16-finals,2025-03-26,,,,,,,,,0,0,0,0.0,0.0,0.0,0.3584823153228115,0.6415176846771885,Boskovic L.,28.3035369354377
W50 Santo Domingo 2 ITF Women,hard,Outdoor,Ito A.,Helgo M.,fg8WB6JC,6oEs5hsA,1/16-finals,2025-03-26,,,,,,,,,0,0,0,0.0,0.0,0.0,0.3584823153228115,0.6415176846771885,Helgo M.,28.3035369354377
W50 Santo Domingo 2 ITF Women,hard,Outdoor,Kalieva E.,Akli A.,8MpH36Na,lYIXolpg,1/16-finals,2025-03-26,,,,,,,,,0,0,0,0.0,0.0,0.0,0.3584823153228115,0.6415176846771885,Akli A.,28.3035369354377
W50 Santo Domingo 2 ITF Women,hard,Outdoor,Rodriguez V.,Banks A.,baNcJtnh,pWwx5ylk,1/16-finals,2025-03-26,,,,,,,,,0,0,0,0.0,0.0,0.0,0.3584823153228115,0.6415176846771885,Banks A.,28.3035369354377
W50 Santo Domingo 2 ITF Women,hard,Outdoor,Guerrero Alvarez E.,Jorge F.,WUf6std4,vyOa8QgA,1/16-finals,2025-03-26,,,,,,,,,0,0,0,0.0,0.0,0.0,0.3584823153228115,0.6415176846771885,Jorge F.,28.3035369354377
W50 Santo Domingo 2 ITF Women,hard,Outdoor,Mateas M.,McDonald E.,AqzhGvlR,pOESWIvh,1/16-finals,2025-03-26,,,,,,,,,0,0,0,0.0,0.0,0.0,0.3584823153228115,0.6415176846771885,McDonald E.,28.3035369354377
W50 Santo Domingo 2 ITF Women,hard,Outdoor,Ngounoue C.,Sieg M.,dlm9zwW5,G66hUeX6,1/16-finals,2025-03-26,,,,,,,,,0,0,0,0.0,0.0,0.0,0.3584823153228115,0.6415176846771885,Sieg M.,28.3035369354377
W50 Santo Domingo 2 ITF Women,hard,Outdoor,Sanchez A. S.,Jorge M.,zZiiCAEg,dbDr0LD8,1/16-finals,2025-03-26,,,,,,,,,0,0,0,0.0,0.0,0.0,0.3584823153228115,0.6415176846771885,Jorge M.,28.3035369354377
W50 Santo Domingo 2 ITF Women,hard,Outdoor,Sonobe W.,Ishii S.,fqDTTLYa,GKr3Pq9i,1/16-finals,2025-03-26,,,,,,,,,0,0,0,0.0,0.0,0.0,0.3584823153228115,0.6415176846771885,Ishii S.,28.3035369354377
W50 Santo Domingo 2 ITF Women,hard,Outdoor,Tkacheva M.,Ma L.,C6LIOynL,QDN44n8g,1/16-finals,2025-03-26,,,,,,,,,0,0,0,0.0,0.0,0.0,0.3584823153228115,0.6415176846771885,Ma L.,28.3035369354377
W50 Santo Domingo 2 ITF Women,hard,Outdoor,Urhobo A.,Loeb J.,OWWpdkTo,dnuFIN0K,1/16-finals,2025-03-26,,,,,,,,,0,0,0,0.0,0.0,0.0,0.3584823153228115,0.6415176846771885,Loeb J.,28.3035369354377
W50 Santo Domingo 2 ITF Women,hard,Outdoor,Yamalapalli S.,Vandewinkel H.,UZAhfYfD,Qw6Rciy8,1/16-finals,2025-03-26,,,,,,,,,0,0,0,0.0,0.0,0.0,0.3584823153228115,0.6415176846771885,Vandewinkel H.,28.3035369354377
M15 Sharm ElSheikh 9 ITF Men,hard,Outdoor,Adesalu N.,Ursu V.,jmwzUk8S,ENsOeB1H,1/16-finals,2025-03-26,,420.0,,114.0,,,,,0,0,0,0.0,0.0,0.0,0.337349818564551,0.6626501814354491,Ursu V.,32.5300362870898
M15 Sharm ElSheikh 9 ITF Men,hard,Outdoor,Elsayed A.,Zhzhenov K.,QNdYa78o,SGLJ8Bkm,1/16-finals,2025-03-26,689.0,1965.0,41.0,1.0,-1276.0,40.0,1327.0,,0,0,0,0.0,0.0,0.0,0.3408532827994808,0.6591467172005192,Zhzhenov K.,31.82934344010384
M15 Sharm ElSheikh 9 ITF Men,hard,Outdoor,Waldner N.,Konovchuk V.,xz4TEIlg,rBz6gU9h,1/16-finals,2025-03-26,1370.0,1965.0,5.0,1.0,-595.0,4.0,1667.5,,0,0,0,0.0,0.0,0.0,0.33878952175421057,0.6612104782457895,Konovchuk V.,32.24209564915789
M15 Sharm ElSheikh 9 ITF Men,hard,Outdoor,Herman L.,Bassem Sobhy M.,COCrICEH,tzDJdud6,1/16-finals,2025-03-26,1520.0,936.0,3.0,18.0,584.0,-15.0,1228.0,,0,0,0,0.0,0.0,0.0,0.370132423612373,0.629867576387627,Bassem Sobhy M.,25.973515277525404
M15 Sharm ElSheikh 9 ITF Men,hard,Outdoor,Gengel M.,Ouzilou H.,bFThaUAS,tKaWBeMu,1/16-finals,2025-03-26,237.0,1965.0,230.0,1.0,-1728.0,229.0,1101.0,,0,0,0,0.0,0.0,0.0,0.34056601980507956,0.6594339801949205,Ouzilou H.,31.886796038984087
M15 Sharm ElSheikh 9 ITF Men,hard,Outdoor,Ibrahim K.,Moroni F.,vFVYOrwQ,U33YqHNl,1/16-finals,2025-03-26,1581.0,1181.0,3.0,8.0,400.0,-5.0,1381.0,,0,0,0,0.0,0.0,0.0,0.3711059077128106,0.6288940922871894,Moroni F.,25.77881845743788
M15 Sharm ElSheikh 9 ITF Men,hard,Outdoor,Arutiunian E.,Poritskyy A.,MF4g5i1o,vwlOqWYS,1/16-finals,2025-03-26,601.0,,56.0,,,,,,0,0,0,0.0,0.0,0.0,0.4225590182064537,0.5774409817935463,Poritskyy A.,15.48819635870926
M15 Sharm ElSheikh 9 ITF Men,hard,Outdoor,Qabazard E.,Zakaria F.,xQ2ku67M,4d70BiXI,1/16-finals,2025-03-26,2033.0,753.0,1.0,33.0,1280.0,-32.0,1393.0,,0,0,0,0.0,0.0,0.0,0.3582335401677957,0.6417664598322044,Zakaria F.,28.353291966440864
M15 Sharm ElSheikh 9 ITF Men,hard,Outdoor,Krajci M.,Brown P.,UPs5Qw3f,rDYLNOlQ,1/16-finals,2025-03-26,1065.0,976.0,12.0,16.0,89.0,-4.0,1020.5,,0,0,0,0.0,0.0,0.0,0.3904510935265522,0.6095489064734478,Brown P.,21.909781294689555
M15 Sharm ElSheikh 9 ITF Men,hard,Outdoor,Schell N.,Bakshi A.,APiQtYy1,6i3rVodO,1/16-finals,2025-03-26,919.0,472.0,19.0,88.0,447.0,-69.0,695.5,,0,0,0,0.0,0.0,0.0,0.39963283563140806,0.6003671643685919,Bakshi A.,20.07343287371839
M15 Sharm ElSheikh 9 ITF Men,hard,Outdoor,Safonov A.,Krylov A.,4vxEJZR5,vkWTceNd,1/16-finals,2025-03-26,981.0,,15.0,,,,,,0,0,0,0.0,0.0,0.0,0.4225590182064537,0.5774409817935463,Krylov A.,15.48819635870926
M15 Sharm ElSheikh 9 ITF Men,hard,Outdoor,Zick S.,Tamm K.,IkhIpuQq,xEMUcAZq,1/16-finals,2025-03-26,1965.0,852.0,1.0,23.0,1113.0,-22.0,1408.5,,0,0,0,0.0,0.0,0.0,0.35773497582711195,0.642265024172888,Tamm K.,28.453004834577612
M15 Sharm ElSheikh 9 ITF Men,hard,Outdoor,Omarkhanov A.,Moraing O.,EyAl7HxU,f3b5CAx0,1/16-finals,2025-03-26,1003.0,1348.0,14.0,5.0,-345.0,9.0,1175.5,,0,0,0,0.0,0.0,0.0,0.3464874214998527,0.6535125785001473,Moraing O.,30.702515700029466
M15 Sharm ElSheikh 9 ITF Men,hard,Outdoor,Purtseladze S.,Lakshmanan A.,OI2qf1Ze,K4D2Snk7,1/16-finals,2025-03-26,442.0,,104.0,,,,,,0,0,0,0.0,0.0,0.0,0.4225590182064537,0.5774409817935463,Lakshmanan A.,15.48819635870926
M15 Sharm ElSheikh 9 ITF Men,hard,Outdoor,Butulija B.,Kivattsev K.,xhFtswWF,lYTGGh9p,1/16-finals,2025-03-26,1105.0,528.0,11.0,72.0,577.0,-61.0,816.5,,0,0,0,0.0,0.0,0.0,0.3954272951933376,0.6045727048066625,Kivattsev K.,20.914540961332484
M15 Sharm ElSheikh 9 ITF Men,hard,Outdoor,Tiukaev R.,Hipfl N.,CCJm9jO5,GKSrsP3H,1/16-finals,2025-03-26,1217.0,1086.0,7.0,11.0,131.0,-4.0,1151.5,,0,0,0,0.0,0.0,0.0,0.37036184646920256,0.6296381535307974,Hipfl N.,25.927630706159487
W15 Sharm ElSheikh 9 ITF Women,hard,Outdoor,Laskutova K.,Vasilescu A.,Gn849LHu,2BUOMD9G,1/16-finals,2025-03-26,,,,,,,,,0,0,0,0.0,0.0,0.0,0.3584823153228115,0.6415176846771885,Vasilescu A.,28.3035369354377
W15 Sharm ElSheikh 9 ITF Women,hard,Outdoor,Hageman M.,Ansari C.,IslgSQvo,0p23zV42,1/16-finals,2025-03-26,,,,,,,,,0,0,0,0.0,0.0,0.0,0.3584823153228115,0.6415176846771885,Ansari C.,28.3035369354377
W15 Sharm ElSheikh 9 ITF Women,hard,Outdoor,Phanthala M.,Kuzmova K.,OlKjwKc6,zPhg3qEf,1/16-finals,2025-03-26,,,,,,,,,0,0,0,0.0,0.0,0.0,0.3584823153228115,0.6415176846771885,Kuzmova K.,28.3035369354377
W15 Sharm ElSheikh 9 ITF Women,hard,Outdoor,Piani D.,Dapkute I.,xzijPoX1,Ac3gHTcj,1/16-finals,2025-03-26,,,,,,,,,0,0,0,0.0,0.0,0.0,0.3584823153228115,0.6415176846771885,Dapkute I.,28.3035369354377
W15 Sharm ElSheikh 9 ITF Women,hard,Outdoor,Bejenaru K. P.,Makarova M. M.,OMvSqOjs,nXbrAZeB,1/16-finals,2025-03-26,,,,,,,,,0,0,0,0.0,0.0,0.0,0.3584823153228115,0.6415176846771885,Makarova M. M.,28.3035369354377
W15 Sharm ElSheikh 9 ITF Women,hard,Outdoor,Kaler H. K.,Lazarenko K.,zcsod82M,ELPIxXJo,1/16-finals,2025-03-26,,,,,,,,,0,0,0,0.0,0.0,0.0,0.3584823153228115,0.6415176846771885,Lazarenko K.,28.3035369354377
W15 Sharm ElSheikh 9 ITF Women,hard,Outdoor,Samir S.,Kozak V.,Kt2L3vod,WnDWVE8j,1/16-finals,2025-03-26,,,,,,,,,0,0,0,0.0,0.0,0.0,0.3584823153228115,0.6415176846771885,Kozak V.,28.3035369354377
W15 Sharm ElSheikh 9 ITF Women,hard,Outdoor,Moon J.,Paukstyte P.,8vDMpqYA,6JIOekXP,1/16-finals,2025-03-26,,,,,,,,,0,0,0,0.0,0.0,0.0,0.3584823153228115,0.6415176846771885,Paukstyte P.,28.3035369354377
W15 Sharm ElSheikh 9 ITF Women,hard,Outdoor,Ezzat Y.,Monko V.,4tIAQcH8,YcrwY71g,1/16-finals,2025-03-26,,,,,,,,,0,0,0,0.0,0.0,0.0,0.3584823153228115,0.6415176846771885,Monko V.,28.3035369354377
W15 Sharm ElSheikh 9 ITF Women,hard,Outdoor,Kalyakina M.,Shapatava S.,Qs2iRuRh,rwPVxdQ4,,2025-03-26,,,,,,,,,0,0,0,0.0,0.0,0.0,0.37492536557213507,0.6250746344278649,Shapatava S.,25.014926885572986
W15 Sharm ElSheikh 9 ITF Women,hard,Outdoor,Pawlikowska Z.,Tupitsyna E.,KWHchH0q,2qqwbUX9,1/16-finals,2025-03-26,,,,,,,,,0,0,0,0.0,0.0,0.0,0.3584823153228115,0.6415176846771885,Tupitsyna E.,28.3035369354377
W15 Sharm ElSheikh 9 ITF Women,hard,Outdoor,Gorska D.,Shmakova M.,tfIDU25e,6uYlh6nC,1/16-finals,2025-03-26,,,,,,,,,0,0,0,0.0,0.0,0.0,0.3584823153228115,0.6415176846771885,Shmakova M.,28.3035369354377
W15 Sharm ElSheikh 9 ITF Women,hard,Outdoor,Jovanovic M.,Alhussein L.,0jieYeGh,CvDob5Zt,1/16-finals,2025-03-26,,,,,,,,,0,0,0,0.0,0.0,0.0,0.3584823153228115,0.6415176846771885,Alhussein L.,28.3035369354377
W15 Sharm ElSheikh 9 ITF Women,hard,Outdoor,Kalyakina M.,Zverava U.,Qs2iRuRh,CCgkotPi,1/16-finals,2025-03-26,,,,,,,,,0,0,0,0.0,0.0,0.0,0.3584823153228115,0.6415176846771885,Zverava U.,28.3035369354377
W15 Sharm ElSheikh 9 ITF Women,hard,Outdoor,Okuwaki R.,Cembranos P.,Aic83iVF,xnyRVBx9,1/16-finals,2025-03-26,,,,,,,,,0,0,0,0.0,0.0,0.0,0.3584823153228115,0.6415176846771885,Cembranos P.,28.3035369354377
W15 Sharm ElSheikh 9 ITF Women,hard,Outdoor,Shan Y.,Mamedova E.,Gz8wBvfL,ELsR9m9n,1/16-finals,2025-03-26,,,,,,,,,0,0,0,0.0,0.0,0.0,0.3584823153228115,0.6415176846771885,Mamedova E.,28.3035369354377
W15 Sharm ElSheikh 9 ITF Women,hard,Outdoor,Asimova S.,Sawashiro K.,xCJp3iE8,xE7G3oLC,1/16-finals,2025-03-26,,,,,,,,,0,0,0,0.0,0.0,0.0,0.3584823153228115,0.6415176846771885,Sawashiro K.,28.3035369354377
M25 Saint Dizier ITF Men,hard,Outdoor,Freire Da Silva A.,Vandermeersch C.,fRC4NeHq,ELpR8zh2,1/16-finals,2025-03-26,1093.0,755.0,11.0,32.0,338.0,-21.0,924.0,,0,0,0,0.0,0.0,0.0,0.39136673282826895,0.608633267171731,Vandermeersch C.,21.72665343434621
M25 Saint Dizier ITF Men,hard,Outdoor,Massard L.,Fassbender B.,KzhabclH,0zb1v2wP,1/16-finals,2025-03-26,585.0,1965.0,59.0,1.0,-1380.0,58.0,1275.0,,0,0,0,0.0,0.0,0.0,0.3408171272687369,0.6591828727312631,Fassbender B.,31.836574546252617
M25 Saint Dizier ITF Men,hard,Outdoor,Story J.,Vassard A.,K80j7V9T,vqTkEE2c,1/16-finals,2025-03-26,708.0,,38.0,,,,,,0,0,0,0.0,0.0,0.0,0.4225590182064537,0.5774409817935463,Vassard A.,15.48819635870926
M25 Saint Dizier ITF Men,hard,Outdoor,Genier T.,Wendelken H.,MNB2reEE,d6y39t1s,1/16-finals,2025-03-26,1296.0,632.0,6.0,50.0,664.0,-44.0,964.0,,0,0,0,0.0,0.0,0.0,0.3694044489555651,0.6305955510444349,Wendelken H.,26.119110208886976
M25 Saint Dizier ITF Men,hard,Outdoor,Poullain L.,Ghazouani Durand Y.,0OqIBG1T,C6bdjyfd,1/16-finals,2025-03-26,435.0,934.0,108.0,18.0,-499.0,90.0,684.5,,0,0,0,0.0,0.0,0.0,0.336773667544089,0.663226332455911,Ghazouani Durand Y.,32.6452664911822
M25 Saint Dizier ITF Men,hard,Outdoor,Ruusuvuori E.,De Jonge D.,MRVzCh5U,tGGdpX9d,1/16-finals,2025-03-26,218.0,1064.0,258.0,12.0,-846.0,246.0,641.0,,0,0,0,0.0,0.0,0.0,0.341523998256518,0.658476001743482,De Jonge D.,31.695200348696396
M25 Saint Dizier ITF Men,hard,Outdoor,Alimli M.,Bourgue M.,OM3yVjsd,xOhWcTc9,1/16-finals,2025-03-26,1232.0,511.0,7.0,77.0,721.0,-70.0,871.5,,0,0,0,0.0,0.0,0.0,0.37787687248889684,0.6221231275111032,Bourgue M.,24.424625502220632
M25 Saint Dizier ITF Men,hard,Outdoor,Moeller M.,Chidekh C.,W4qdFpGM,E1Wpe7Co,1/16-finals,2025-03-26,480.0,268.0,85.0,203.0,212.0,-118.0,374.0,,0,0,0,0.0,0.0,0.0,0.41153735168066996,0.58846264831933,Chidekh C.,17.692529663866008
M15 Heraklion 2 ITF Men,hard,Outdoor,Casanova A.,Pieczkowski O.,0Khaj00n,tlePPAg5,1/16-finals,2025-03-26,968.0,574.0,16.0,61.0,394.0,-45.0,771.0,,0,0,0,0.0,0.0,0.0,0.3954272951933376,0.6045727048066625,Pieczkowski O.,20.914540961332484
M15 Heraklion 2 ITF Men,hard,Outdoor,Gruenig G.,Khoeblal E.,CbNCwOAJ,lIKnc3u9,1/16-finals,2025-03-26,1481.0,900.0,3.0,20.0,581.0,-17.0,1190.5,,0,0,0,0.0,0.0,0.0,0.370132423612373,0.629867576387627,Khoeblal E.,25.973515277525404
M15 Heraklion 2 ITF Men,hard,Outdoor,Verbeek D.,Dinev D.,QXIc4ahL,zNdtoUgO,1/16-finals,2025-03-26,1725.0,913.0,2.0,19.0,812.0,-17.0,1319.0,,0,0,0,0.0,0.0,0.0,0.36215636225603764,0.6378436377439624,Dinev D.,27.56872754879247
M15 Heraklion 2 ITF Men,hard,Outdoor,Rossi L.,Jones M.,zqf7fP42,SQDcRsUr,1/16-finals,2025-03-26,670.0,801.0,45.0,28.0,-131.0,17.0,735.5,,0,0,0,0.0,0.0,0.0,0.32510842288960273,0.6748915771103973,Jones M.,34.978315422079454
M15 Heraklion 2 ITF Men,hard,Outdoor,Sakellaridis S.,Kuhar M.,2Dmhcv8C,Ma7yiQQQ,1/16-finals,2025-03-26,455.0,902.0,97.0,20.0,-447.0,77.0,678.5,,0,0,0,0.0,0.0,0.0,0.336773667544089,0.663226332455911,Kuhar M.,32.6452664911822
M15 Heraklion 2 ITF Men,hard,Outdoor,Kopilevich D.,Parker S.,juf79W4N,tSMxmjU3,1/16-finals,2025-03-26,,464.0,,92.0,,,,,0,0,0,0.0,0.0,0.0,0.3416297938538007,0.6583702061461993,Parker S.,31.674041229239858
M15 Heraklion 2 ITF Men,hard,Outdoor,Bonding O.,Delage P.,SGkttdYl,vBvBhK26,1/16-finals,2025-03-26,957.0,899.0,16.0,20.0,58.0,-4.0,928.0,,0,0,0,0.0,0.0,0.0,0.37375651059263915,0.6262434894073609,Delage P.,25.24869788147217
M15 Heraklion 2 ITF Men,hard,Outdoor,Mott B.,Longwe-Smit T.,2mN5CUjs,v1cGmySG,1/16-finals,2025-03-26,482.0,1557.0,85.0,3.0,-1075.0,82.0,1019.5,,0,0,0,0.0,0.0,0.0,0.3414427324606949,0.6585572675393051,Longwe-Smit T.,31.71145350786102
M15 Heraklion 2 ITF Men,hard,Outdoor,Tsitsipas Pe.,Pawelski M.,v9LewqHa,jkqoQ2GD,1/16-finals,2025-03-26,1965.0,870.0,1.0,22.0,1095.0,-21.0,1417.5,,0,0,0,0.0,0.0,0.0,0.36215636225603764,0.6378436377439624,Pawelski M.,27.56872754879247
M15 Heraklion 2 ITF Men,hard,Outdoor,Walters M.,Hartenstein J. P.,ITigdhOG,SS1Gc5Ns,1/16-finals,2025-03-26,1367.0,1531.0,5.0,3.0,-164.0,2.0,1449.0,,0,0,0,0.0,0.0,0.0,0.3301045704226797,0.6698954295773203,Hartenstein J. P.,33.979085915464054
M15 Heraklion 2 ITF Men,hard,Outdoor,Nikles J.,Dalmasso G.,rN9JzXam,z7Wfy5c4,1/16-finals,2025-03-26,636.0,749.0,49.0,33.0,-113.0,16.0,692.5,,0,0,0,0.0,0.0,0.0,0.32903124497784464,0.6709687550221554,Dalmasso G.,34.19375100443107
M15 Heraklion 2 ITF Men,hard,Outdoor,Bazilevskiy V.,Serafini M.,jqtWmn0J,b1cyvN26,1/16-finals,2025-03-26,1637.0,520.0,2.0,75.0,1117.0,-73.0,1078.5,,0,0,0,0.0,0.0,0.0,0.3611989647424002,0.6388010352575998,Serafini M.,27.76020705151996
W15 Heraklion 2 ITF Women,clay,Outdoor,Snells J.,Slavikova E.,r9haC8X6,80AX778d,1/16-finals,2025-03-26,,,,,,,,,0,0,0,0.0,0.0,0.0,0.3584823153228115,0.6415176846771885,Slavikova E.,28.3035369354377
W15 Heraklion 2 ITF Women,clay,Outdoor,Helmi O.,Pawlak L.,b7Jv6ogd,MijEGME2,1/16-finals,2025-03-26,,,,,,,,,0,0,0,0.0,0.0,0.0,0.3584823153228115,0.6415176846771885,Pawlak L.,28.3035369354377
W15 Heraklion 2 ITF Women,clay,Outdoor,Simunyu C.,Bertea E. R.,tzAFAhMQ,bD5rNiLq,1/16-finals,2025-03-26,,,,,,,,,0,0,0,0.0,0.0,0.0,0.3584823153228115,0.6415176846771885,Bertea E. R.,28.3035369354377
W15 Heraklion 2 ITF Women,clay,Outdoor,Bouzo Zanotti N.,Nepliy E.,0rIlE6iB,MX0lkYlJ,1/16-finals,2025-03-26,,,,,,,,,0,0,0,0.0,0.0,0.0,0.3584823153228115,0.6415176846771885,Nepliy E.,28.3035369354377
W15 Heraklion 2 ITF Women,clay,Outdoor,Sava I. T.,Wirges A.,jw75OtOH,YHuwfeTn,1/16-finals,2025-03-26,,,,,,,,,0,0,0,0.0,0.0,0.0,0.3584823153228115,0.6415176846771885,Wirges A.,28.3035369354377
W15 Heraklion 2 ITF Women,clay,Outdoor,Sebestova I.,Rey Garcia A.,tjL2tAJ4,CAPe888e,1/16-finals,2025-03-26,,,,,,,,,0,0,0,0.0,0.0,0.0,0.3584823153228115,0.6415176846771885,Rey Garcia A.,28.3035369354377
W15 Heraklion 2 ITF Women,clay,Outdoor,Kolyada A.,Tsetsou E.,rTXu2F8F,KrhEot1t,1/16-finals,2025-03-26,,,,,,,,,0,0,0,0.0,0.0,0.0,0.3584823153228115,0.6415176846771885,Tsetsou E.,28.3035369354377
W15 Heraklion 2 ITF Women,clay,Outdoor,Natal L.,Kokkinis T.,E72jWNoD,Ig6ny1T8,1/16-finals,2025-03-26,,,,,,,,,0,0,0,0.0,0.0,0.0,0.3584823153228115,0.6415176846771885,Kokkinis T.,28.3035369354377
W15 Heraklion 2 ITF Women,clay,Outdoor,Nylander Altelius J.,Pavlou D.,jXCllvMG,A5DgdSBm,1/16-finals,2025-03-26,,,,,,,,,0,0,0,0.0,0.0,0.0,0.3584823153228115,0.6415176846771885,Pavlou D.,28.3035369354377
W15 Heraklion 2 ITF Women,clay,Outdoor,Podlinska M.,Gadient N.,lh66YaOh,v9sVLUMH,1/16-finals,2025-03-26,,,,,,,,,0,0,0,0.0,0.0,0.0,0.3584823153228115,0.6415176846771885,Gadient N.,28.3035369354377
W15 Heraklion 2 ITF Women,clay,Outdoor,Spasova B.,Hietaranta L.,fs1oMU7B,YHTwEgqm,1/16-finals,2025-03-26,,,,,,,,,0,0,0,0.0,0.0,0.0,0.3584823153228115,0.6415176846771885,Hietaranta L.,28.3035369354377
W15 Heraklion 2 ITF Women,clay,Outdoor,Makarova E.,Argyrokastriti M.,UeJstJ4j,CKKqxZuj,1/16-finals,2025-03-26,,,,,,,,,0,0,0,0.0,0.0,0.0,0.3584823153228115,0.6415176846771885,Argyrokastriti M.,28.3035369354377
M25 Ahmedabad ITF Men,hard,Outdoor,Rawat S.,Taguchi R.,YLupS3cJ,xSn3x2JE,1/16-finals,2025-03-26,848.0,572.0,23.0,61.0,276.0,-38.0,710.0,,0,0,0,0.0,0.0,0.0,0.3912630283753666,0.6087369716246334,Taguchi R.,21.747394324926685
M25 Ahmedabad ITF Men,hard,Outdoor,Shah A.,Park M.,QX2MqIHF,QkLSQX39,1/16-finals,2025-03-26,567.0,,62.0,,,,,,0,0,0,0.0,0.0,0.0,0.4225590182064537,0.5774409817935463,Park M.,15.48819635870926
M25 Ahmedabad ITF Men,hard,Outdoor,Yadav Y.,Eqbal I.,IabTGvO0,f3v1B0oO,1/16-finals,2025-03-26,1965.0,1032.0,1.0,13.0,933.0,-12.0,1498.5,,0,0,0,0.0,0.0,0.0,0.36202158457196953,0.6379784154280305,Eqbal I.,27.595683085606094
M25 Ahmedabad ITF Men,hard,Outdoor,Erel Y.,Tyagi K.,zX8kGOPK,0xnNA8um,1/16-finals,2025-03-26,596.0,,57.0,,,,,,0,0,0,0.0,0.0,0.0,0.4225590182064537,0.5774409817935463,Tyagi K.,15.48819635870926
M25 Ahmedabad ITF Men,hard,Outdoor,Sahita S.,Reddy R.,W4dP4Wtm,UVNWOxqt,1/16-finals,2025-03-26,,1781.0,,2.0,,,,,0,0,0,0.0,0.0,0.0,0.34598919564106495,0.654010804358935,Reddy R.,30.80216087178701
M25 Ahmedabad ITF Men,hard,Outdoor,Singh K.,Ianin N.,fRgO5Du3,M9e0PJe5,1/16-finals,2025-03-26,490.0,1464.0,84.0,4.0,-974.0,80.0,977.0,,0,0,0,0.0,0.0,0.0,0.34141546240599085,0.6585845375940091,Ianin N.,31.71690751880183
M25 Ahmedabad ITF Men,hard,Outdoor,Hans K.,Matsuda R.,KQBXU38A,236PBwA2,1/16-finals,2025-03-26,1422.0,631.0,4.0,50.0,791.0,-46.0,1026.5,,0,0,0,0.0,0.0,0.0,0.36594046004027686,0.6340595399597231,Matsuda R.,26.81190799194463
M25 Ahmedabad ITF Men,hard,Outdoor,Duhan C.,Aggarwal P.,W2Hk0tpc,4AVHbyk0,1/16-finals,2025-03-26,947.0,1460.0,17.0,4.0,-513.0,13.0,1203.5,,0,0,0,0.0,0.0,0.0,0.350909503217088,0.649090496782912,Aggarwal P.,29.818099356582394
M25 Ahmedabad ITF Men,hard,Outdoor,Lomakin G.,Kumaran B. N.,vTJ8pfma,IFE7gZdc,1/16-finals,2025-03-26,874.0,1520.0,22.0,3.0,-646.0,19.0,1197.0,,0,0,0,0.0,0.0,0.0,0.34205807917879744,0.6579419208212025,Kumaran B. N.,31.588384164240512
M25 Ahmedabad ITF Men,hard,Outdoor,Shanmugam A.,Javia D.,40UJWYc3,xtv2D7jE,1/16-finals,2025-03-26,2140.0,606.0,1.0,54.0,1534.0,-53.0,1373.0,,0,0,0,0.0,0.0,0.0,0.35773497582711195,0.642265024172888,Javia D.,28.453004834577612
M25 Ahmedabad ITF Men,hard,Outdoor,Kalyanpur A.,Bouzige M.,OMKptc0q,M1nh93mm,1/16-finals,2025-03-26,901.0,403.0,20.0,119.0,498.0,-99.0,652.0,,0,0,0,0.0,0.0,0.0,0.39978917159733923,0.6002108284026608,Bouzige M.,20.042165680532154
M25 Ahmedabad ITF Men,hard,Outdoor,Clarke J.,Chappell N.,pWyUazPi,bJed2yIt,1/16-finals,2025-03-26,298.0,694.0,177.0,40.0,-396.0,137.0,496.0,,0,0,0,0.0,0.0,0.0,0.33205120783885295,0.6679487921611471,Chappell N.,33.58975843222941
M25 Ahmedabad ITF Men,hard,Outdoor,Clarke J.,Lomakin G.,pWyUazPi,vTJ8pfma,1/8-finals,2025-03-26,298.0,874.0,177.0,22.0,-576.0,155.0,586.0,,0,0,0,0.0,0.0,0.0,0.33621924099888273,0.6637807590011173,Lomakin G.,32.756151800223456
M25 Ahmedabad ITF Men,hard,Outdoor,Duhan C.,Javia D.,W2Hk0tpc,xtv2D7jE,1/8-finals,2025-03-26,947.0,606.0,17.0,54.0,341.0,-37.0,776.5,,0,0,0,0.0,0.0,0.0,0.3954272951933376,0.6045727048066625,Javia D.,20.914540961332484
M25 Ahmedabad ITF Men,hard,Outdoor,Eqbal I.,Taguchi R.,f3v1B0oO,xSn3x2JE,1/8-finals,2025-03-26,1032.0,572.0,13.0,61.0,460.0,-48.0,802.0,,0,0,0,0.0,0.0,0.0,0.39542018823428826,0.6045798117657117,Taguchi R.,20.915962353142348
M25 Ahmedabad ITF Men,hard,Outdoor,Matsuda R.,Binda A.,236PBwA2,pY05SOxc,1/8-finals,2025-03-26,631.0,484.0,50.0,85.0,147.0,-35.0,557.5,,0,0,0,0.0,0.0,0.0,0.394619126686582,0.605380873313418,Binda A.,21.0761746626836
M25 Ahmedabad ITF Men,hard,Outdoor,Shah A.,Kamath M.,QX2MqIHF,2yZZLIdF,1/8-finals,2025-03-26,567.0,2073.0,62.0,1.0,-1506.0,61.0,1320.0,,0,0,0,0.0,0.0,0.0,0.3408171272687369,0.6591828727312631,Kamath M.,31.836574546252617
M25 Ahmedabad ITF Men,hard,Outdoor,Singh K.,Reddy R.,fRgO5Du3,UVNWOxqt,1/8-finals,2025-03-26,490.0,1781.0,84.0,2.0,-1291.0,82.0,1135.5,,0,0,0,0.0,0.0,0.0,0.3414427324606949,0.6585572675393051,Reddy R.,31.71145350786102
M25 Ahmedabad ITF Men,hard,Outdoor,Tyagi K.,Sinha N. K.,0xnNA8um,nLLCyZOb,1/8-finals,2025-03-26,,1202.0,,8.0,,,,,0,0,0,0.0,0.0,0.0,0.3416297938538007,0.6583702061461993,Sinha N. K.,31.674041229239858
M25 Ahmedabad ITF Men,hard,Outdoor,Vishwakarma S.,Bouzige M.,8tw79mJk,M1nh93mm,1/8-finals,2025-03-26,790.0,403.0,29.0,119.0,387.0,-90.0,596.5,,0,0,0,0.0,0.0,0.0,0.39536778516841353,0.6046322148315865,Bouzige M.,20.926442966317293
M15 Foggia ITF Men,clay,Outdoor,Motta A.,Mondazzi A.,QoIsrZWp,l6CqGkSP,1/16-finals,2025-03-26,1881.0,,1.0,,,,,,0,0,0,0.0,0.0,0.0,0.4181665195338689,0.5818334804661311,Mondazzi A.,16.366696093226217
M15 Foggia ITF Men,clay,Outdoor,Bouquet L.,Malgaroli L.,pWZHwGON,noxlA6rb,1/16-finals,2025-03-26,504.0,1127.0,79.0,10.0,-623.0,69.0,815.5,,0,0,0,0.0,0.0,0.0,0.3265901069962781,0.6734098930037219,Malgaroli L.,34.68197860074438
M15 Foggia ITF Men,clay,Outdoor,Vasami J.,Minighini D.,MaKQfer1,KYnEHiGR,1/16-finals,2025-03-26,1619.0,1447.0,2.0,4.0,172.0,-2.0,1533.0,,0,0,0,0.0,0.0,0.0,0.36643633754528737,0.6335636624547126,Minighini D.,26.712732490942525
M15 Foggia ITF Men,clay,Outdoor,Marmousez L.,Misasi G.,2q0LOTtF,0KgHTdu1,1/16-finals,2025-03-26,398.0,1099.0,120.0,11.0,-701.0,109.0,748.5,,0,0,0,0.0,0.0,0.0,0.33425098437344886,0.6657490156265511,Misasi G.,33.14980312531023
M15 Foggia ITF Men,clay,Outdoor,Perfetti N.,Reitano S.,40ax25HU,pWcppvT3,1/16-finals,2025-03-26,890.0,1126.0,21.0,10.0,-236.0,11.0,1008.0,,0,0,0,0.0,0.0,0.0,0.33008252154935286,0.6699174784506472,Reitano S.,33.98349569012943
M15 Foggia ITF Men,clay,Outdoor,Plunger M.,de Marchi A.,x0jclBBa,vDGADPSe,1/16-finals,2025-03-26,1055.0,1703.0,12.0,2.0,-648.0,10.0,1379.0,,0,0,0,0.0,0.0,0.0,0.3421359959973927,0.6578640040026074,de Marchi A.,31.57280080052146
M15 Foggia ITF Men,clay,Outdoor,Antonelli J.,Broady L.,MPsce72S,UTu7grNI,1/16-finals,2025-03-26,,730.0,,35.0,,,,,0,0,0,0.0,0.0,0.0,0.34588518075966,0.65411481924034,Broady L.,30.822963848067996
Naples Chall. Men,clay,Outdoor,Hemery C.,Kopriva V.,fse58iGB,EHGKxKDL,1/8-finals,2025-03-26,169.0,122.0,337.0,481.0,47.0,-144.0,145.5,,0,0,0,0.0,0.0,0.0,0.44165449844626214,0.5583455015537379,Kopriva V.,11.66910031074757
Naples Chall. Men,clay,Outdoor,Svrcina D.,Tseng C. H.,vDue624T,SlYNMbDS,1/8-finals,2025-03-26,165.0,115.0,351.0,529.0,50.0,-178.0,140.0,,0,0,0,0.0,0.0,0.0,0.4800531857877421,0.5199468142122579,Tseng C. H.,3.9893628424515826
Naples Chall. Men,clay,Outdoor,Arnaboldi F.,Jianu F. C.,pjpMXa88,CpC7C67k,1/8-finals,2025-03-26,220.0,241.0,257.0,227.0,-21.0,30.0,230.5,,0,0,0,0.0,0.0,0.0,0.3435479139902481,0.6564520860097519,Jianu F. C.,31.290417201950383
Naples Chall. Men,clay,Outdoor,Ymer E.,Dellien Velasco M. A.,GhVfMwlD,tGnlFo7P,1/8-finals,2025-03-26,261.0,222.0,212.0,256.0,39.0,-44.0,241.5,,0,0,0,0.0,0.0,0.0,0.4135033240413719,0.5864966759586281,Dellien Velasco M. A.,17.299335191725618
M15 Tsukuba ITF Men,hard,Outdoor,Shibano K.,Yamanaka T.,xSarOuEH,nVnqQlUo,1/16-finals,2025-03-26,1608.0,906.0,2.0,20.0,702.0,-18.0,1257.0,,0,0,0,0.0,0.0,0.0,0.36215636225603764,0.6378436377439624,Yamanaka T.,27.56872754879247
M15 Tsukuba ITF Men,hard,Outdoor,Masabayashi T.,Lee K.,23AG6J1b,v5u9pFvC,1/16-finals,2025-03-26,760.0,858.0,32.0,22.0,-98.0,10.0,809.0,,0,0,0,0.0,0.0,0.0,0.32537349839268703,0.674626501607313,Lee K.,34.92530032146259
M15 Tsukuba ITF Men,hard,Outdoor,Peliwo F.,Itsusaki S.,x6aKFC7p,AwzzQUB7,1/16-finals,2025-03-26,608.0,1584.0,54.0,2.0,-976.0,52.0,1096.0,,0,0,0,0.0,0.0,0.0,0.3365520768057424,0.6634479231942576,Itsusaki S.,32.68958463885152
M15 Tsukuba ITF Men,hard,Outdoor,Tomida Y.,Shiraishi H.,h2BB9Wtk,pO5LT6LB,1/16-finals,2025-03-26,1697.0,546.0,2.0,67.0,1151.0,-65.0,1121.5,,0,0,0,0.0,0.0,0.0,0.35773497582711195,0.642265024172888,Shiraishi H.,28.453004834577612
M15 Tsukuba ITF Men,hard,Outdoor,Hsu Y. H.,Yamasaki J.,WxwHu3lG,f7ntihue,1/8-finals,2025-03-26,226.0,1414.0,245.0,4.0,-1188.0,241.0,820.0,,0,0,0,0.0,0.0,0.0,0.33035518920256457,0.6696448107974354,Yamasaki J.,33.928962159487085
M15 Tsukuba ITF Men,hard,Outdoor,Kumasaka T.,Lee K.,vRKj99hc,v5u9pFvC,1/8-finals,2025-03-26,542.0,858.0,68.0,22.0,-316.0,46.0,700.0,,0,0,0,0.0,0.0,0.0,0.336029121628495,0.663970878371505,Lee K.,32.794175674300995
M15 Tsukuba ITF Men,hard,Outdoor,Kusuhara Y.,Chung H.,U12MD469,C48I3FZ3,1/8-finals,2025-03-26,1275.0,676.0,6.0,43.0,599.0,-37.0,975.5,,0,0,0,0.0,0.0,0.0,0.37345500138798526,0.6265449986120147,Chung H.,25.308999722402948
M15 Tsukuba ITF Men,hard,Outdoor,Oh Chan-Yeong,Shiraishi H.,lpd9iayf,pO5LT6LB,1/8-finals,2025-03-26,967.0,546.0,16.0,67.0,421.0,-51.0,756.5,,0,0,0,0.0,0.0,0.0,0.3996923456563321,0.6003076543436678,Shiraishi H.,20.06153086873358
M15 Tsukuba ITF Men,hard,Outdoor,Peliwo F.,Huang T.,x6aKFC7p,AROuX8tf,1/8-finals,2025-03-26,608.0,705.0,54.0,39.0,-97.0,15.0,656.5,,0,0,0,0.0,0.0,0.0,0.32588461585470135,0.6741153841452987,Huang T.,34.82307682905973
M15 Tsukuba ITF Men,hard,Outdoor,Tabata R.,Takahashi Y.,U5FLD1gn,2kYVdoCo,1/8-finals,2025-03-26,1881.0,519.0,1.0,75.0,1362.0,-74.0,1200.0,,0,0,0,0.0,0.0,0.0,0.3611989647424002,0.6388010352575998,Takahashi Y.,27.76020705151996
M15 Tsukuba ITF Men,hard,Outdoor,Tanaka Y.,Sinclair C.,dp1vImw7,Oxu66IL4,1/8-finals,2025-03-26,,696.0,,40.0,,,,,0,0,0,0.0,0.0,0.0,0.34588518075966,0.65411481924034,Sinclair C.,30.822963848067996
M15 Tsukuba ITF Men,hard,Outdoor,Yamanaka T.,Nakagawa N.,nVnqQlUo,zZkuhcIL,1/8-finals,2025-03-26,906.0,362.0,20.0,140.0,544.0,-120.0,634.0,,0,0,0,0.0,0.0,0.0,0.39126550299210394,0.6087344970078961,Nakagawa N.,21.746899401579213
Morelia Chall. Men,hard,Outdoor,Huesler M.,Trotter J. K.,4YcyuHl1,n15mxYdM,1/8-finals,2025-03-26,172.0,181.0,330.0,317.0,-9.0,13.0,176.5,,0,0,0,0.0,0.0,0.0,0.36929530948267647,0.6307046905173235,Trotter J. K.,26.140938103464705
Morelia Chall. Men,hard,Outdoor,Zhukayev B.,Meligeni Alves F.,pxo4hgC3,rLEXNv74,1/8-finals,2025-03-26,215.0,176.0,263.0,320.0,39.0,-57.0,195.5,,0,0,0,0.0,0.0,0.0,0.4276643387747078,0.5723356612252922,Meligeni Alves F.,14.467132245058444
Morelia Chall. Men,hard,Outdoor,Hernandez A.,Ficovich J. P.,ALeu7aEd,WpchB57t,1/8-finals,2025-03-26,595.0,162.0,57.0,356.0,433.0,-299.0,378.5,,0,0,0,0.0,0.0,0.0,0.41410692243554126,0.5858930775644587,Ficovich J. P.,17.17861551289175
Morelia Chall. Men,hard,Outdoor,Duckworth J.,Zink T.,2JWHPUUb,prfZnfX1,1/8-finals,2025-03-26,95.0,425.0,638.0,112.0,-330.0,526.0,260.0,,0,0,0,0.0,0.0,0.0,0.32324173666751455,0.6767582633324855,Zink T.,35.35165266649709
Puerto Vallarta Chall. Women,hard,Outdoor,Burrage J.,Maria T.,U5Ot7i32,OGYNaUZG,1/8-finals,2025-03-26,,,,,,,,,0,0,0,0.0,0.0,0.0,0.3584823153228115,0.6415176846771885,Maria T.,28.3035369354377
Puerto Vallarta Chall. Women,hard,Outdoor,Inglis M.,Andreeva E.,xOczGeTE,GWuBzqkB,1/8-finals,2025-03-26,,,,,,,,,0,0,0,0.0,0.0,0.0,0.3584823153228115,0.6415176846771885,Andreeva E.,28.3035369354377
Puerto Vallarta Chall. Women,hard,Outdoor,Cristian J.,Shibahara E.,vo9FVe2A,hfzer6K1,1/8-finals,2025-03-26,,,,,,,,,0,0,0,0.0,0.0,0.0,0.3584823153228115,0.6415176846771885,Shibahara E.,28.3035369354377
Puerto Vallarta Chall. Women,hard,Outdoor,Fruhvirtova L.,Saville D.,WrhNf3At,xU3quIf5,1/8-finals,2025-03-26,,,,,,,,,0,0,0,0.0,0.0,0.0,0.3584823153228115,0.6415176846771885,Saville D.,28.3035369354377
W75 Murska Sobota ITF Women,hard (indoor),Outdoor,Glushko L.,McAdoo R.,Ms0Wvc4A,vVtyMGmh,1/16-finals,2025-03-26,,,,,,,,,0,0,0,0.0,0.0,0.0,0.3584823153228115,0.6415176846771885,McAdoo R.,28.3035369354377
W75 Murska Sobota ITF Women,hard (indoor),Outdoor,Wuerth T.,Senica A.,0llvOkD9,tSNytLiq,,2025-03-26,,,,,,,,,0,0,0,0.0,0.0,0.0,0.37492536557213507,0.6250746344278649,Senica A.,25.014926885572986
W75 Murska Sobota ITF Women,hard (indoor),Outdoor,Wuerth T.,Kubka M.,0llvOkD9,0rUdL1O9,1/16-finals,2025-03-26,,,,,,,,,0,0,0,0.0,0.0,0.0,0.3584823153228115,0.6415176846771885,Kubka M.,28.3035369354377
W75 Murska Sobota ITF Women,hard (indoor),Outdoor,Ponchet J.,Radwanska U.,hbXrCD0b,8nwHy6Ml,1/16-finals,2025-03-26,,,,,,,,,0,0,0,0.0,0.0,0.0,0.3584823153228115,0.6415176846771885,Radwanska U.,28.3035369354377
W75 Murska Sobota ITF Women,hard (indoor),Outdoor,Miyazaki L.,Rushiti A.,QPwVs83E,E9EuKLkP,1/16-finals,2025-03-26,,,,,,,,,0,0,0,0.0,0.0,0.0,0.3584823153228115,0.6415176846771885,Rushiti A.,28.3035369354377
W75 Murska Sobota ITF Women,hard (indoor),Outdoor,Klimovicova L.,Hartono A.,E5pWnRLG,bZu69bao,1/16-finals,2025-03-26,,,,,,,,,0,0,0,0.0,0.0,0.0,0.3584823153228115,0.6415176846771885,Hartono A.,28.3035369354377
W75 Murska Sobota ITF Women,hard (indoor),Outdoor,Ruzic A.,Avdeeva J.,MuT7l0nb,j572Ekuh,1/16-finals,2025-03-26,,,,,,,,,0,0,0,0.0,0.0,0.0,0.3584823153228115,0.6415176846771885,Avdeeva J.,28.3035369354377
W75 Murska Sobota ITF Women,hard (indoor),Outdoor,Rosatello C.,Milic E. N.,tQUXZxHO,OS241ND8,1/16-finals,2025-03-26,,,,,,,,,0,0,0,0.0,0.0,0.0,0.3584823153228115,0.6415176846771885,Milic E. N.,28.3035369354377
W75 Murska Sobota ITF Women,hard (indoor),Outdoor,Primorac I.,Knutson G.,x6lxMTCO,bscuUrLj,1/16-finals,2025-03-26,,,,,,,,,0,0,0,0.0,0.0,0.0,0.3584823153228115,0.6415176846771885,Knutson G.,28.3035369354377
Girona Chall. Men,clay,Outdoor,Ofner S.,Cerundolo J. M.,h6vs3iR2,A93TM7BR,1/16-finals,2025-03-26,131.0,126.0,448.0,461.0,5.0,-13.0,128.5,,0,0,0,0.0,0.0,0.0,0.41556536180260933,0.5844346381973906,Cerundolo J. M.,16.886927639478134
Girona Chall. Men,clay,Outdoor,De Jong J.,Droguet T.,8jStUWzB,A57Xet1f,1/16-finals,2025-03-26,105.0,212.0,562.0,265.0,-107.0,297.0,158.5,,0,0,0,0.0,0.0,0.0,0.32311572700342567,0.6768842729965743,Droguet T.,35.37685459931487
Girona Chall. Men,clay,Outdoor,Choinski J.,Moro Canas A.,Es82hMVD,MkI9xkTq,1/16-finals,2025-03-26,178.0,153.0,319.0,375.0,25.0,-56.0,165.5,,0,0,0,0.0,0.0,0.0,0.4204754154038703,0.5795245845961297,Moro Canas A.,15.904916919225942
Girona Chall. Men,clay,Outdoor,Cilic M.,Taberner C.,nLoK5syL,EcdVVulk,1/16-finals,2025-03-26,143.0,170.0,413.0,332.0,-27.0,81.0,156.5,,0,0,0,0.0,0.0,0.0,0.3489753117495763,0.6510246882504237,Taberner C.,30.20493765008474
Girona Chall. Men,clay,Outdoor,Misolic F.,Zapata Miralles B.,CfH4SF3G,db9LlbLI,1/16-finals,2025-03-26,246.0,334.0,224.0,156.0,-88.0,68.0,290.0,,0,0,0,0.0,0.0,0.0,0.3360866783620779,0.663913321637922,Zapata Miralles B.,32.78266432758442
Girona Chall. Men,clay,Outdoor,Skatov T.,Dellien H.,h6n0i9iE,fkLRaqYe,1/16-finals,2025-03-26,175.0,103.0,328.0,566.0,72.0,-238.0,139.0,,0,0,0,0.0,0.0,0.0,0.489191929798788,0.510808070201212,Dellien H.,2.161614040242399
Girona Chall. Men,clay,Outdoor,Lajovic D.,Squire H.,bJf33z45,rHjMHCoj,1/16-finals,2025-03-26,108.0,208.0,555.0,276.0,-100.0,279.0,158.0,,0,0,0,0.0,0.0,0.0,0.3307704179555203,0.6692295820444797,Squire H.,33.84591640889594
Girona Chall. Men,clay,Outdoor,Rocha H.,Neumayer L.,b7jXvxef,4ffrgw5a,1/16-finals,2025-03-26,161.0,209.0,358.0,273.0,-48.0,85.0,185.0,,0,0,0,0.0,0.0,0.0,0.3525217894805548,0.6474782105194452,Neumayer L.,29.49564210388904
Girona Chall. Men,clay,Outdoor,Cachin P.,Carreno-Busta P.,YL7Z0Lq0,W8WmcXdq,1/16-finals,2025-03-26,286.0,109.0,186.0,554.0,177.0,-368.0,197.5,,0,0,0,0.0,0.0,0.0,0.4669162937091439,0.5330837062908561,Carreno-Busta P.,6.6167412581712215
Girona Chall. Men,clay,Outdoor,Landaluce M.,Radulov I.,AoOnGZEp,YsC3U3Oi,1/16-finals,2025-03-26,146.0,537.0,411.0,70.0,-391.0,341.0,341.5,,0,0,0,0.0,0.0,0.0,0.3273524895175078,0.6726475104824923,Radulov I.,34.52950209649844
M25 Tarragona ITF Men,clay,Outdoor,Chazal M.,Cesar Porras J.,0YR4Uukr,Sx50ZAEp,1/16-finals,2025-03-26,335.0,561.0,156.0,64.0,-226.0,92.0,448.0,,0,0,0,0.0,0.0,0.0,0.32903124497784464,0.6709687550221554,Cesar Porras J.,34.19375100443107
M25 Tarragona ITF Men,clay,Outdoor,Parisca I.,Tabur C.,CAU0vyvM,fHPZtbgE,1/16-finals,2025-03-26,803.0,363.0,28.0,139.0,440.0,-111.0,583.0,,0,0,0,0.0,0.0,0.0,0.38690362658810235,0.6130963734118977,Tabur C.,22.61927468237953
M25 Tarragona ITF Men,clay,Outdoor,Martinez A.,Sanchez Jover C.,23EXjpUO,fLXWkLuE,1/16-finals,2025-03-26,560.0,267.0,64.0,203.0,293.0,-139.0,413.5,,0,0,0,0.0,0.0,0.0,0.4028640016813011,0.5971359983186989,Sanchez Jover C.,19.42719966373978
M25 Tarragona ITF Men,clay,Outdoor,Marti Pujolras A.,Masur D.,dxjELWFL,ERWd0Gpm,1/16-finals,2025-03-26,336.0,439.0,156.0,106.0,-103.0,50.0,387.5,,0,0,0,0.0,0.0,0.0,0.33273647610513335,0.6672635238948667,Masur D.,33.45270477897333
M25 Tarragona ITF Men,clay,Outdoor,Montes-De La Torre I.,Coulibaly E.,4CYXUVX7,fDyAJ1Qn,1/16-finals,2025-03-26,507.0,331.0,78.0,157.0,176.0,-79.0,419.0,,0,0,0,0.0,0.0,0.0,0.3901795920761713,0.6098204079238287,Coulibaly E.,21.964081584765736
M25 Tarragona ITF Men,clay,Outdoor,Beckley A.,Molcan A.,Yk9m0YjH,drgiRTl7,1/16-finals,2025-03-26,579.0,645.0,60.0,47.0,-66.0,13.0,612.0,,0,0,0,0.0,0.0,0.0,0.3286799895814991,0.6713200104185009,Molcan A.,34.264002083700184
M25 Tarragona ITF Men,clay,Outdoor,Fernandez Flores D.,Brancaccio R.,COvoyChg,Ec4ddDyl,1/16-finals,2025-03-26,739.0,432.0,34.0,109.0,307.0,-75.0,585.5,,0,0,0,0.0,0.0,0.0,0.39883177408370185,0.6011682259162981,Brancaccio R.,20.23364518325963
M25 Tarragona ITF Men,clay,Outdoor,Urribarrens Ramirez I.,Sanchez Izquierdo N.,AyLbGoXa,6gnbtDJM,1/16-finals,2025-03-26,1216.0,349.0,7.0,146.0,867.0,-139.0,782.5,,0,0,0,0.0,0.0,0.0,0.3851478244049573,0.6148521755950427,Sanchez Izquierdo N.,22.970435119008535
M25 Tarragona ITF Men,clay,Outdoor,De Krom M.,Geerts M.,llj0ORAC,jVP5NQJK,1/16-finals,2025-03-26,457.0,303.0,96.0,174.0,154.0,-78.0,380.0,,0,0,0,0.0,0.0,0.0,0.40345916248979774,0.5965408375102023,Geerts M.,19.30816750204045
M25 Tarragona ITF Men,clay,Outdoor,Llamas Ruiz P.,Molleker R.,QTqDJ1gP,6RBmhB5N,1/16-finals,2025-03-26,386.0,323.0,126.0,161.0,63.0,-35.0,354.5,,0,0,0,0.0,0.0,0.0,0.3923558845876804,0.6076441154123196,Molleker R.,21.528823082463923
M25 Tarragona ITF Men,clay,Outdoor,Sanchez Quilez A.,Plans J.,KG5iw4Ad,6DSV0BW2,1/16-finals,2025-03-26,674.0,1668.0,44.0,2.0,-994.0,42.0,1171.0,,0,0,0,0.0,0.0,0.0,0.34051105442472823,0.6594889455752717,Plans J.,31.897789115054355
M25 Tarragona ITF Men,clay,Outdoor,Juan Mano A.,Jorda Sanchis D.,vuRxHO7G,plc0lDOK,1/16-finals,2025-03-26,1668.0,430.0,2.0,110.0,1238.0,-108.0,1049.0,,0,0,0,0.0,0.0,0.0,0.3571028421548483,0.6428971578451517,Jorda Sanchis D.,28.579431569030344
M25 Tarragona ITF Men,clay,Outdoor,Gutierrez O. J.,Campana Lee G.,KngbSEyS,vkMPd6E0,1/16-finals,2025-03-26,1001.0,396.0,15.0,121.0,605.0,-106.0,698.5,,0,0,0,0.0,0.0,0.0,0.4027064100334076,0.5972935899665923,Campana Lee G.,19.458717993318476
M25 Tarragona ITF Men,clay,Outdoor,Lopez Montagud C.,Ribas Escoda G.,nsBSIUxP,S41dlKFk,1/16-finals,2025-03-26,489.0,,84.0,,,,,,0,0,0,0.0,0.0,0.0,0.4225590182064537,0.5774409817935463,Ribas Escoda G.,15.48819635870926
W35 Terrassa ITF Women,clay,Outdoor,Mansouri Y.,Martinez Cirez C.,E79w1KgA,SO0EHoOE,1/16-finals,2025-03-26,,,,,,,,,0,0,0,0.0,0.0,0.0,0.3584823153228115,0.6415176846771885,Martinez Cirez C.,28.3035369354377
W35 Terrassa ITF Women,clay,Outdoor,Rame A.,Kucmova A.,G8DaAheG,roWEsW33,1/16-finals,2025-03-26,,,,,,,,,0,0,0,0.0,0.0,0.0,0.3584823153228115,0.6415176846771885,Kucmova A.,28.3035369354377
W35 Terrassa ITF Women,clay,Outdoor,Tagger L.,In-Albon Y.,UT72lXiG,SE5MvV4P,1/16-finals,2025-03-26,,,,,,,,,0,0,0,0.0,0.0,0.0,0.3584823153228115,0.6415176846771885,In-Albon Y.,28.3035369354377
W35 Terrassa ITF Women,clay,Outdoor,Pedone G.,Bolsova Zadoinov A.,SjItfRhp,O6dHZYhC,1/16-finals,2025-03-26,,,,,,,,,0,0,0,0.0,0.0,0.0,0.3584823153228115,0.6415176846771885,Bolsova Zadoinov A.,28.3035369354377
W35 Terrassa ITF Women,clay,Outdoor,Klugman H.,Matoula M.,UBK4SRuM,I91UyxFR,1/16-finals,2025-03-26,,,,,,,,,0,0,0,0.0,0.0,0.0,0.3584823153228115,0.6415176846771885,Matoula M.,28.3035369354377
W35 Terrassa ITF Women,clay,Outdoor,Brancaccio N.,Pigato L.,jqcBin0G,fg39SFtR,1/16-finals,2025-03-26,,,,,,,,,0,0,0,0.0,0.0,0.0,0.3584823153228115,0.6415176846771885,Pigato L.,28.3035369354377
W35 Terrassa ITF Women,clay,Outdoor,Roura Llaverias R.,Lazaro Garcia A.,n7RySt6Q,6gnFIFZS,1/16-finals,2025-03-26,,,,,,,,,0,0,0,0.0,0.0,0.0,0.3584823153228115,0.6415176846771885,Lazaro Garcia A.,28.3035369354377
W35 Terrassa ITF Women,clay,Outdoor,Pieri T.,Fita Boluda A.,Gvf7kuZk,MH2AijkO,1/16-finals,2025-03-26,,,,,,,,,0,0,0,0.0,0.0,0.0,0.3584823153228115,0.6415176846771885,Fita Boluda A.,28.3035369354377
W35 Terrassa ITF Women,clay,Outdoor,Boisson L.,Martynov D.,KYHXSqUN,tfZCOSjq,1/8-finals,2025-03-26,,,,,,,,,0,0,0,0.0,0.0,0.0,0.3584823153228115,0.6415176846771885,Martynov D.,28.3035369354377
W35 Terrassa ITF Women,clay,Outdoor,Burillo Escorihuela I.,Geerlings Martinez A.,YZQnwtm9,WYNOYtX1,1/8-finals,2025-03-26,,,,,,,,,0,0,0,0.0,0.0,0.0,0.3584823153228115,0.6415176846771885,Geerlings Martinez A.,28.3035369354377
W35 Terrassa ITF Women,clay,Outdoor,Rame A.,Martinez Cirez C.,G8DaAheG,SO0EHoOE,1/8-finals,2025-03-26,,,,,,,,,0,0,0,0.0,0.0,0.0,0.3584823153228115,0.6415176846771885,Martinez Cirez C.,28.3035369354377
W35 Terrassa ITF Women,clay,Outdoor,Bassols M.,Vargova N.,dvDRCAx9,E3Ctz6VK,1/8-finals,2025-03-26,,,,,,,,,0,0,0,0.0,0.0,0.0,0.3584823153228115,0.6415176846771885,Vargova N.,28.3035369354377
W35 Terrassa ITF Women,clay,Outdoor,Bolsova Zadoinov A.,Tagger L.,O6dHZYhC,UT72lXiG,1/8-finals,2025-03-26,,,,,,,,,0,0,0,0.0,0.0,0.0,0.3584823153228115,0.6415176846771885,Tagger L.,28.3035369354377
W35 Terrassa ITF Women,clay,Outdoor,Pigato L.,Fita Boluda A.,fg39SFtR,MH2AijkO,1/8-finals,2025-03-26,,,,,,,,,0,0,0,0.0,0.0,0.0,0.3584823153228115,0.6415176846771885,Fita Boluda A.,28.3035369354377
W35 Terrassa ITF Women,clay,Outdoor,Rouvroy M.,Bandecchi S.,xhsuPZNK,EsWES72T,1/8-finals,2025-03-26,,,,,,,,,0,0,0,0.0,0.0,0.0,0.3584823153228115,0.6415176846771885,Bandecchi S.,28.3035369354377
M15 Nonthaburi 3 ITF Men,hard,Outdoor,Charoenphon Y.,Lee J. M.,CjkiYQp0,jo0rWAGm,1/16-finals,2025-03-26,,1050.0,,12.0,,,,,0,0,0,0.0,0.0,0.0,0.3416297938538007,0.6583702061461993,Lee J. M.,31.674041229239858
M15 Nonthaburi 3 ITF Men,hard,Outdoor,Malaszszak M.,Sornlaksup P.,W2w9KWsg,CnQoeiqR,1/16-finals,2025-03-26,1423.0,835.0,4.0,24.0,588.0,-20.0,1129.0,,0,0,0,0.0,0.0,0.0,0.3744123989016227,0.6255876010983773,Sornlaksup P.,25.11752021967546
M15 Nonthaburi 3 ITF Men,hard,Outdoor,Tabacco F.,Dzhavakian Y.,YsZhirsa,ATs6urG2,1/16-finals,2025-03-26,799.0,505.0,28.0,79.0,294.0,-51.0,652.0,,0,0,0,0.0,0.0,0.0,0.39212080400452554,0.6078791959954745,Dzhavakian Y.,21.575839199094894
M15 Nonthaburi 3 ITF Men,hard,Outdoor,Bobrov B.,Castelnuovo L.,nNUXcRJe,tMTm47i0,1/16-finals,2025-03-26,529.0,748.0,72.0,33.0,-219.0,39.0,638.5,,0,0,0,0.0,0.0,0.0,0.33346058729889994,0.6665394127011001,Castelnuovo L.,33.307882540220014
M15 Nonthaburi 3 ITF Men,hard,Outdoor,Koaykul K.,Park U.,jZToCLWe,CxUpojVi,1/16-finals,2025-03-26,1668.0,979.0,2.0,15.0,689.0,-13.0,1323.5,,0,0,0,0.0,0.0,0.0,0.36215636225603764,0.6378436377439624,Park U.,27.56872754879247
M15 Nonthaburi 3 ITF Men,hard,Outdoor,Khazime D.,Chaiyarin C.,AaT3mCUg,KADep48p,1/16-finals,2025-03-26,1063.0,1288.0,12.0,6.0,-225.0,6.0,1175.5,,0,0,0,0.0,0.0,0.0,0.33817701837840686,0.6618229816215931,Chaiyarin C.,32.364596324318626
M15 Nonthaburi 3 ITF Men,hard,Outdoor,Congcar C.,Imai S.,l0MCAqyK,UDGJst62,1/16-finals,2025-03-26,,548.0,,66.0,,,,,0,0,0,0.0,0.0,0.0,0.34588518075966,0.65411481924034,Imai S.,30.822963848067996
M15 Nonthaburi 3 ITF Men,hard,Outdoor,Bar Biryukov P.,Knaff A.,KtZmtx2f,QgRlFufK,1/16-finals,2025-03-26,365.0,726.0,138.0,36.0,-361.0,102.0,545.5,,0,0,0,0.0,0.0,0.0,0.3364388470921774,0.6635611529078226,Knaff A.,32.71223058156452
M15 Nonthaburi 3 ITF Men,hard,Outdoor,Palan D.,Chanta T.,Q5wGqMq4,pd5sYLNR,1/16-finals,2025-03-26,618.0,704.0,52.0,39.0,-86.0,13.0,661.0,,0,0,0,0.0,0.0,0.0,0.3286799895814991,0.6713200104185009,Chanta T.,34.264002083700184
M15 Nonthaburi 3 ITF Men,hard,Outdoor,Tokuda R.,Lee D. H.,l2DRgi3R,jXtRZ7Uf,1/16-finals,2025-03-26,843.0,765.0,23.0,31.0,78.0,-8.0,804.0,,0,0,0,0.0,0.0,0.0,0.3904510935265522,0.6095489064734478,Lee D. H.,21.909781294689555
M15 Nonthaburi 3 ITF Men,hard,Outdoor,Lobanov A.,Weber A.,Chg6ehb2,6Bmf3gr6,1/16-finals,2025-03-26,935.0,554.0,18.0,65.0,381.0,-47.0,744.5,,0,0,0,0.0,0.0,0.0,0.3996923456563321,0.6003076543436678,Weber A.,20.06153086873358
M15 Nonthaburi 3 ITF Men,hard,Outdoor,M Rifqi F.,Steiner M.,YX3TOSit,UiXnGhIl,1/16-finals,2025-03-26,1222.0,712.0,7.0,38.0,510.0,-31.0,967.0,,0,0,0,0.0,0.0,0.0,0.38295252759453985,0.6170474724054602,Steiner M.,23.40949448109203
M15 Nonthaburi 3 ITF Men,hard,Outdoor,Donnet E.,Trongcharoenchaikul W.,2kmMRrQ3,Cdn8t1Wm,1/16-finals,2025-03-26,723.0,700.0,36.0,40.0,23.0,-4.0,711.5,,0,0,0,0.0,0.0,0.0,0.3769568092554577,0.6230431907445423,Trongcharoenchaikul W.,24.608638148908458
M15 Nonthaburi 3 ITF Men,hard,Outdoor,Sarksian D.,Kopeikin V.,QNTNRWub,CGoLBpsd,1/16-finals,2025-03-26,1184.0,1182.0,8.0,8.0,2.0,0.0,1183.0,,0,0,0,0.0,0.0,0.0,0.3687547094302036,0.6312452905697964,Kopeikin V.,26.24905811395928
W15 Nonthaburi 2 ITF Women,hard,Outdoor,Yodpetch K.,Mariani Mat.,p0I8jh4d,U7qcMQgP,1/16-finals,2025-03-26,,,,,,,,,0,0,0,0.0,0.0,0.0,0.3584823153228115,0.6415176846771885,Mariani Mat.,28.3035369354377
W15 Nonthaburi 2 ITF Women,hard,Outdoor,Kumhom L.,Desvignes E. M.,tUgjMPE6,U7GWif8L,1/16-finals,2025-03-26,,,,,,,,,0,0,0,0.0,0.0,0.0,0.3584823153228115,0.6415176846771885,Desvignes E. M.,28.3035369354377
W15 Nonthaburi 2 ITF Women,hard,Outdoor,Sema E.,Lee J. E.,dM4wkuUD,dWQG4V4S,1/16-finals,2025-03-26,,,,,,,,,0,0,0,0.0,0.0,0.0,0.3584823153228115,0.6415176846771885,Lee J. E.,28.3035369354377
W15 Nonthaburi 2 ITF Women,hard,Outdoor,Chanta A.,Szostak M.,vu6u9eYC,fVx4UfUB,1/16-finals,2025-03-26,,,,,,,,,0,0,0,0.0,0.0,0.0,0.3584823153228115,0.6415176846771885,Szostak M.,28.3035369354377
W15 Nonthaburi 2 ITF Women,hard,Outdoor,Longueville R.,Morvayova V.,lnbBgqK8,vP3vu5nm,1/16-finals,2025-03-26,,,,,,,,,0,0,0,0.0,0.0,0.0,0.3584823153228115,0.6415176846771885,Morvayova V.,28.3035369354377
W15 Nonthaburi 2 ITF Women,hard,Outdoor,Matsuda R.,Choi O.,O6D601Xs,8UVSZMUB,1/16-finals,2025-03-26,,,,,,,,,0,0,0,0.0,0.0,0.0,0.3584823153228115,0.6415176846771885,Choi O.,28.3035369354377
W15 Nonthaburi 2 ITF Women,hard,Outdoor,Jang G.,Sagandikova A.,lj0um52s,nHKY2PCh,1/16-finals,2025-03-26,,,,,,,,,0,0,0,0.0,0.0,0.0,0.3584823153228115,0.6415176846771885,Sagandikova A.,28.3035369354377
W15 Nonthaburi 2 ITF Women,hard,Outdoor,Thongkum P.,Im H.,tAbVAlE7,GjTfPHDs,1/16-finals,2025-03-26,,,,,,,,,0,0,0,0.0,0.0,0.0,0.3584823153228115,0.6415176846771885,Im H.,28.3035369354377
W15 Nonthaburi 2 ITF Women,hard,Outdoor,Buchnik M.,Liu Y.,QsbKz3qh,lzZDrIu3,1/16-finals,2025-03-26,,,,,,,,,0,0,0,0.0,0.0,0.0,0.3584823153228115,0.6415176846771885,Liu Y.,28.3035369354377
W15 Nonthaburi 2 ITF Women,hard,Outdoor,Kovapitukted P.,Goto R.,QazPsMV3,AiyK4R56,1/8-finals,2025-03-26,,,,,,,,,0,0,0,0.0,0.0,0.0,0.3584823153228115,0.6415176846771885,Goto R.,28.3035369354377
W15 Nonthaburi 2 ITF Women,hard,Outdoor,Nitture A. D.,Kawamura M.,rwS3wvlH,8Anhz9J4,1/8-finals,2025-03-26,,,,,,,,,0,0,0,0.0,0.0,0.0,0.3584823153228115,0.6415176846771885,Kawamura M.,28.3035369354377
M15 Monastir 12 ITF Men,hard,Outdoor,Barsukov N.,Bittoun C.,0nmHAnmT,YZx9arkD,1/16-finals,2025-03-26,,625.0,,51.0,,,,,0,0,0,0.0,0.0,0.0,0.34588518075966,0.65411481924034,Bittoun C.,30.822963848067996
M15 Monastir 12 ITF Men,hard,Outdoor,Khamis Y.,Hamza Reguig S.,M58tMUOM,h66Vnxdo,1/16-finals,2025-03-26,2140.0,691.0,1.0,41.0,1449.0,-40.0,1415.5,,0,0,0,0.0,0.0,0.0,0.35381215373887,0.64618784626113,Hamza Reguig S.,29.237569252226002
M15 Monastir 12 ITF Men,hard,Outdoor,Pokorny L.,Slavic N.,YZZma2ED,4xYM97rD,1/16-finals,2025-03-26,433.0,1271.0,109.0,6.0,-838.0,103.0,852.0,,0,0,0,0.0,0.0,0.0,0.3370278231526664,0.6629721768473336,Slavic N.,32.59443536946672
M15 Monastir 12 ITF Men,hard,Outdoor,Sciahbasi L.,Murtaza M.,p08bxsEl,6aNxfaYc,1/16-finals,2025-03-26,1312.0,,6.0,,,,,,0,0,0,0.0,0.0,0.0,0.4272477087646588,0.5727522912353412,Murtaza M.,14.550458247068242
M15 Monastir 12 ITF Men,hard,Outdoor,Van Der Meerschen M.,Ouakaa A.,UiuCTISE,2BtG9FCD,1/16-finals,2025-03-26,844.0,690.0,23.0,41.0,154.0,-18.0,767.0,,0,0,0,0.0,0.0,0.0,0.3906764648582347,0.6093235351417653,Ouakaa A.,21.86470702835306
M15 Monastir 12 ITF Men,hard,Outdoor,Balshaw F.,Sakellaridis D.,OUFziENR,8fwXlCfa,1/16-finals,2025-03-26,841.0,1131.0,23.0,10.0,-290.0,13.0,986.0,,0,0,0,0.0,0.0,0.0,0.3343475720123474,0.6656524279876526,Sakellaridis D.,33.13048559753052
M15 Monastir 12 ITF Men,hard,Outdoor,Jans J.,Andaloro F.,GhdpAvaF,GjnmeDpe,1/16-finals,2025-03-26,1637.0,534.0,2.0,71.0,1103.0,-69.0,1085.5,,0,0,0,0.0,0.0,0.0,0.3611989647424002,0.6388010352575998,Andaloro F.,27.76020705151996
M15 Monastir 12 ITF Men,hard,Outdoor,Potenza L.,Bojarski A.,KQ97KSpp,AJmY8OO6,1/16-finals,2025-03-26,564.0,1083.0,63.0,11.0,-519.0,52.0,823.5,,0,0,0,0.0,0.0,0.0,0.3262268442294539,0.6737731557705461,Bojarski A.,34.75463115410922
M15 Monastir 12 ITF Men,hard,Outdoor,Gatoto A.,Echargui M.,j9ezAOld,65tqemRH,1/16-finals,2025-03-26,,495.0,,82.0,,,,,0,0,0,0.0,0.0,0.0,0.34588518075966,0.65411481924034,Echargui M.,30.822963848067996
M15 Monastir 12 ITF Men,hard,Outdoor,Shoaib M.,Tonejc V.,lQRZs2Zo,Y334kd7K,1/16-finals,2025-03-26,,1145.0,,9.0,,,,,0,0,0,0.0,0.0,0.0,0.3416297938538007,0.6583702061461993,Tonejc V.,31.674041229239858
M15 Monastir 12 ITF Men,hard,Outdoor,Bax F.,Ifi N.,bLE16tQq,6NaaN5f3,1/16-finals,2025-03-26,499.0,1016.0,81.0,14.0,-517.0,67.0,757.5,,0,0,0,0.0,0.0,0.0,0.33734733254524524,0.6626526674547548,Ifi N.,32.53053349095095
M15 Monastir 12 ITF Men,hard,Outdoor,Rapagnetta D.,Makhlouf N.,h8p2EBeE,I17CAyKl,1/16-finals,2025-03-26,1039.0,1106.0,13.0,11.0,-67.0,2.0,1072.5,,0,0,0,0.0,0.0,0.0,0.3323713750433373,0.6676286249566628,Makhlouf N.,33.52572499133254
M15 Monastir 12 ITF Men,hard,Outdoor,Giunta M.,Nemeth A.,hQkb3GZ8,Us7emqhJ,1/16-finals,2025-03-26,698.0,,40.0,,,,,,0,0,0,0.0,0.0,0.0,0.4225590182064537,0.5774409817935463,Nemeth A.,15.48819635870926
W15 Monastir 12 ITF Women,hard,Outdoor,Bubelyte K.,Osterreicher M.,Sb6CGLWs,jusLldyn,1/16-finals,2025-03-26,,,,,,,,,0,0,0,0.0,0.0,0.0,0.3584823153228115,0.6415176846771885,Osterreicher M.,28.3035369354377
W15 Monastir 12 ITF Women,hard,Outdoor,Koller A.,Lollia M.,pSohw4mS,fRhMaEoN,1/16-finals,2025-03-26,,,,,,,,,0,0,0,0.0,0.0,0.0,0.3584823153228115,0.6415176846771885,Lollia M.,28.3035369354377
W15 Monastir 12 ITF Women,hard,Outdoor,Podhajecka D.,Stusek J.,6w19qjSO,MN00XZF9,1/16-finals,2025-03-26,,,,,,,,,0,0,0,0.0,0.0,0.0,0.3584823153228115,0.6415176846771885,Stusek J.,28.3035369354377
W15 Monastir 12 ITF Women,hard,Outdoor,Leclercq M.,Houghton I.,SMqlAUwp,KxU04saq,1/16-finals,2025-03-26,,,,,,,,,0,0,0,0.0,0.0,0.0,0.3584823153228115,0.6415176846771885,Houghton I.,28.3035369354377
W15 Monastir 12 ITF Women,hard,Outdoor,Toma M.,Guth M.,6VsLBptb,d0rtetKq,1/16-finals,2025-03-26,,,,,,,,,0,0,0,0.0,0.0,0.0,0.3584823153228115,0.6415176846771885,Guth M.,28.3035369354377
W15 Monastir 12 ITF Women,hard,Outdoor,Maines N.,Pfeifer L.,dC39VtqR,z5oXSOEn,1/16-finals,2025-03-26,,,,,,,,,0,0,0,0.0,0.0,0.0,0.3584823153228115,0.6415176846771885,Pfeifer L.,28.3035369354377
W15 Monastir 12 ITF Women,hard,Outdoor,Radovanovic N.,Khomutsianskaya D.,hrwKEMB4,dS1n45Hp,1/16-finals,2025-03-26,,,,,,,,,0,0,0,0.0,0.0,0.0,0.3584823153228115,0.6415176846771885,Khomutsianskaya D.,28.3035369354377
W15 Monastir 12 ITF Women,hard,Outdoor,Zabolotnaia E.,Defalco J.,fXlM23Bd,rVFPILMh,1/16-finals,2025-03-26,,,,,,,,,0,0,0,0.0,0.0,0.0,0.3584823153228115,0.6415176846771885,Defalco J.,28.3035369354377
W15 Monastir 12 ITF Women,hard,Outdoor,Van den Broek I. L.,Grignac C.,jgkwgMP1,CrtSCmb5,1/16-finals,2025-03-26,,,,,,,,,0,0,0,0.0,0.0,0.0,0.3584823153228115,0.6415176846771885,Grignac C.,28.3035369354377
W15 Monastir 12 ITF Women,hard,Outdoor,Van Emst S.,Blomqvist C.,rHTIZlAr,n5vHDoeR,1/16-finals,2025-03-26,,,,,,,,,0,0,0,0.0,0.0,0.0,0.3584823153228115,0.6415176846771885,Blomqvist C.,28.3035369354377
W15 Monastir 12 ITF Women,hard,Outdoor,Lemaitre T.,Yesypchuk D.,v5Rqcqd7,0zDON03M,1/16-finals,2025-03-26,,,,,,,,,0,0,0,0.0,0.0,0.0,0.3584823153228115,0.6415176846771885,Yesypchuk D.,28.3035369354377
W15 Monastir 12 ITF Women,hard,Outdoor,Du Pree B.,Popescu A.,p0O7n3eA,CGqLKuqS,1/16-finals,2025-03-26,,,,,,,,,0,0,0,0.0,0.0,0.0,0.3584823153228115,0.6415176846771885,Popescu A.,28.3035369354377
W15 Monastir 12 ITF Women,hard,Outdoor,Pellicano H.,Zelnickova R.,UPrgyu7e,2yKQRdij,1/16-finals,2025-03-26,,,,,,,,,0,0,0,0.0,0.0,0.0,0.3584823153228115,0.6415176846771885,Zelnickova R.,28.3035369354377
Antalya 2 Chall. Women,clay,Outdoor,Carle M. L.,Romero Gormaz L.,bHSsQ9ek,KzaX6MH4,1/16-finals,2025-03-26,,,,,,,,,0,0,0,0.0,0.0,0.0,0.3584823153228115,0.6415176846771885,Romero Gormaz L.,28.3035369354377
Antalya 2 Chall. Women,clay,Outdoor,Gao X.,Naef C.,l2kcaiDr,0pESKoy5,1/16-finals,2025-03-26,,,,,,,,,0,0,0,0.0,0.0,0.0,0.3584823153228115,0.6415176846771885,Naef C.,28.3035369354377
Antalya 2 Chall. Women,clay,Outdoor,Jimenez Kasintseva V.,Buyukakcay C.,hU5bke4O,UNGRpcCm,1/16-finals,2025-03-26,,,,,,,,,0,0,0,0.0,0.0,0.0,0.3584823153228115,0.6415176846771885,Buyukakcay C.,28.3035369354377
Antalya 2 Chall. Women,clay,Outdoor,Rakhimova K.,Chwalinska M.,boU2UKtN,OIxOD54s,1/16-finals,2025-03-26,,,,,,,,,0,0,0,0.0,0.0,0.0,0.3584823153228115,0.6415176846771885,Chwalinska M.,28.3035369354377
Antalya 2 Chall. Women,clay,Outdoor,Udvardy P.,Bouzas Maneiro J.,bLI5Djkk,Gj20DdaG,1/16-finals,2025-03-26,,,,,,,,,0,0,0,0.0,0.0,0.0,0.3584823153228115,0.6415176846771885,Bouzas Maneiro J.,28.3035369354377
Antalya 2 Chall. Women,clay,Outdoor,Erjavec V.,Teichmann J.,rsErY1Yt,nTL4I2Xq,1/16-finals,2025-03-26,,,,,,,,,0,0,0,0.0,0.0,0.0,0.3584823153228115,0.6415176846771885,Teichmann J.,28.3035369354377
Antalya 2 Chall. Women,clay,Outdoor,Bejlek S.,Martic P.,jVCKq0LH,r9RckFqs,1/16-finals,2025-03-26,,,,,,,,,0,0,0,0.0,0.0,0.0,0.3584823153228115,0.6415176846771885,Martic P.,28.3035369354377
Antalya 2 Chall. Women,clay,Outdoor,Danilovic O.,Lachinova A.,ID57P88P,nNmYIgp2,1/16-finals,2025-03-26,,,,,,,,,0,0,0,0.0,0.0,0.0,0.3584823153228115,0.6415176846771885,Lachinova A.,28.3035369354377
Antalya 2 Chall. Women,clay,Outdoor,Semenistaja D.,Todoni A. A.,fLqCAoUb,zXTgcZem,,2025-03-26,,,,,,,,,0,0,0,0.0,0.0,0.0,0.37492536557213507,0.6250746344278649,Todoni A. A.,25.014926885572986
Antalya 2 Chall. Women,clay,Outdoor,Semenistaja D.,Zidansek T.,fLqCAoUb,UiaMC9xj,1/16-finals,2025-03-26,,,,,,,,,0,0,0,0.0,0.0,0.0,0.3584823153228115,0.6415176846771885,Zidansek T.,28.3035369354377
Antalya 2 Chall. Women,clay,Outdoor,Oz I.,Bogdan A.,Oxue6Cgb,046jJj30,1/16-finals,2025-03-26,,,,,,,,,0,0,0,0.0,0.0,0.0,0.3584823153228115,0.6415176846771885,Bogdan A.,28.3035369354377
M15 Antalya 10 ITF Men,clay,Outdoor,Agabigun S.,Milev Y.,jN7RZbmb,6HaaZh9U,1/16-finals,2025-03-26,1637.0,584.0,2.0,59.0,1053.0,-57.0,1110.5,,0,0,0,0.0,0.0,0.0,0.35773497582711195,0.642265024172888,Milev Y.,28.453004834577612
M15 Antalya 10 ITF Men,clay,Outdoor,Andreescu S. A.,Gulin S.,f1jSEJGT,zsPR6kKa,1/16-finals,2025-03-26,775.0,475.0,31.0,87.0,300.0,-56.0,625.0,,0,0,0,0.0,0.0,0.0,0.39206129397960143,0.6079387060203986,Gulin S.,21.587741204079713
M15 Antalya 10 ITF Men,clay,Outdoor,Krumich M.,Loge J.,WKaCDElC,SC5WdmHT,1/16-finals,2025-03-26,516.0,687.0,76.0,42.0,-171.0,34.0,601.5,,0,0,0,0.0,0.0,0.0,0.32879980835144096,0.671200191648559,Loge J.,34.24003832971181
M15 Antalya 10 ITF Men,clay,Outdoor,Nicod J.,Petkovic M.,bXDP9OZ5,jFlzjsv5,1/16-finals,2025-03-26,443.0,1146.0,102.0,9.0,-703.0,93.0,794.5,,0,0,0,0.0,0.0,0.0,0.3374564847870051,0.6625435152129949,Petkovic M.,32.50870304259899
M15 Antalya 10 ITF Men,clay,Outdoor,Arinc K.,Piraino G.,ncP0sjSF,2VTqlA8l,1/16-finals,2025-03-26,1753.0,429.0,2.0,111.0,1324.0,-109.0,1091.0,,0,0,0,0.0,0.0,0.0,0.3571028421548483,0.6428971578451517,Piraino G.,28.579431569030344
M15 Antalya 10 ITF Men,clay,Outdoor,Blanch D.,Slump S.,tEewFwuI,6iwptza2,1/16-finals,2025-03-26,720.0,550.0,37.0,66.0,170.0,-29.0,635.0,,0,0,0,0.0,0.0,0.0,0.3912630283753666,0.6087369716246334,Slump S.,21.747394324926685
M15 Antalya 10 ITF Men,clay,Outdoor,Fomin S.,Sevilla I.,nsLeJUw8,nBquqfpl,1/16-finals,2025-03-26,543.0,1357.0,68.0,5.0,-814.0,63.0,950.0,,0,0,0,0.0,0.0,0.0,0.3336270384209456,0.6663729615790543,Sevilla I.,33.27459231581088
M15 Antalya 10 ITF Men,clay,Outdoor,Klok D.,Faurel T.,rau6U2Wp,vgfc2Q2F,1/16-finals,2025-03-26,802.0,1363.0,28.0,5.0,-561.0,23.0,1082.5,,0,0,0,0.0,0.0,0.0,0.3365882323364862,0.6634117676635138,Faurel T.,32.682353532702756
M15 Antalya 10 ITF Men,clay,Outdoor,Ghetu G.,Rottgering M.,hKlKZQLd,QcUMcWQE,1/16-finals,2025-03-26,1228.0,862.0,7.0,22.0,366.0,-15.0,1045.0,,0,0,0,0.0,0.0,0.0,0.3744123989016227,0.6255876010983773,Rottgering M.,25.11752021967546
M15 Antalya 10 ITF Men,clay,Outdoor,Picchione A.,Figl M.,UgYMlRTa,xEarjnsm,1/16-finals,2025-03-26,357.0,1463.0,143.0,4.0,-1106.0,139.0,910.0,,0,0,0,0.0,0.0,0.0,0.3329767860482604,0.6670232139517396,Figl M.,33.404642790347914
M15 Antalya 10 ITF Men,clay,Outdoor,Nedelko I.,Baragiola Mordini T. C.,fDQ48vnb,M3SIsJoo,1/16-finals,2025-03-26,893.0,,20.0,,,,,,0,0,0,0.0,0.0,0.0,0.4225590182064537,0.5774409817935463,Baragiola Mordini T. C.,15.48819635870926
M15 Antalya 10 ITF Men,clay,Outdoor,Stankovic S.,Demanet E.,pOfJqQGb,buC7ACRr,1/16-finals,2025-03-26,1402.0,652.0,4.0,47.0,750.0,-43.0,1027.0,,0,0,0,0.0,0.0,0.0,0.36594046004027686,0.6340595399597231,Demanet E.,26.81190799194463
M15 Antalya 10 ITF Men,clay,Outdoor,Matuszewski G.,La Cava I.,CYvVxRcF,vau4nOEI,1/16-finals,2025-03-26,1753.0,,2.0,,,,,,0,0,0,0.0,0.0,0.0,0.4225886012511042,0.5774113987488958,La Cava I.,15.48227974977916
M15 Antalya 10 ITF Men,clay,Outdoor,Yazdani A.,Vankan M.,K4Tc2jfo,f5JHTw8p,1/16-finals,2025-03-26,1484.0,713.0,3.0,38.0,771.0,-35.0,1098.5,,0,0,0,0.0,0.0,0.0,0.37036184646920256,0.6296381535307974,Vankan M.,25.927630706159487
M15 Antalya 10 ITF Men,clay,Outdoor,Peiro Serrano A.,Manzanera Pertusa A.,M1VIlUGq,Em6VB5YH,1/16-finals,2025-03-26,,643.0,,48.0,,,,,0,0,0,0.0,0.0,0.0,0.34588518075966,0.65411481924034,Manzanera Pertusa A.,30.822963848067996
M15 Antalya 10 ITF Men,clay,Outdoor,Barreto Sanchez D. A.,Von der Schulenburg J.,Y3fPZsZj,tfb3h6El,1/16-finals,2025-03-26,597.0,1175.0,57.0,8.0,-578.0,49.0,886.0,,0,0,0,0.0,0.0,0.0,0.32510842288960273,0.6748915771103973,Von der Schulenburg J.,34.978315422079454
W35 Antalya 4 ITF Women,clay,Outdoor,Oktiabreva A.,Yoruk I.,2ozhvVx0,x4gMgxcQ,1/16-finals,2025-03-26,,,,,,,,,0,0,0,0.0,0.0,0.0,0.3584823153228115,0.6415176846771885,Yoruk I.,28.3035369354377
W35 Antalya 4 ITF Women,clay,Outdoor,Stieg F.,Han J.,jD1IBsBT,fXZ4zUIU,1/16-finals,2025-03-26,,,,,,,,,0,0,0,0.0,0.0,0.0,0.3584823153228115,0.6415176846771885,Han J.,28.3035369354377
W35 Antalya 4 ITF Women,clay,Outdoor,Gettwart F.,Amariei I. D.,MmgU4057,hnSjsqNn,1/16-finals,2025-03-26,,,,,,,,,0,0,0,0.0,0.0,0.0,0.3584823153228115,0.6415176846771885,Amariei I. D.,28.3035369354377
W35 Antalya 4 ITF Women,clay,Outdoor,Kuczer D.,Bulatova A.,rkrsyiug,WdlTOqRu,1/16-finals,2025-03-26,,,,,,,,,0,0,0,0.0,0.0,0.0,0.3584823153228115,0.6415176846771885,Bulatova A.,28.3035369354377
W35 Antalya 4 ITF Women,clay,Outdoor,Kovackova A.,Karatancheva L.,jR0q9v5K,zqwKJ6Yd,1/16-finals,2025-03-26,,,,,,,,,0,0,0,0.0,0.0,0.0,0.3584823153228115,0.6415176846771885,Karatancheva L.,28.3035369354377
W35 Antalya 4 ITF Women,clay,Outdoor,Petkovic A.,Toth A. K.,OzZIy4oq,6s0Bm30D,1/16-finals,2025-03-26,,,,,,,,,0,0,0,0.0,0.0,0.0,0.3584823153228115,0.6415176846771885,Toth A. K.,28.3035369354377
W35 Antalya 4 ITF Women,clay,Outdoor,Ambrosio S.,Dilek D.,tEP1bDQ8,dEQa9FEi,1/16-finals,2025-03-26,,,,,,,,,0,0,0,0.0,0.0,0.0,0.3584823153228115,0.6415176846771885,Dilek D.,28.3035369354377
W35 Antalya 4 ITF Women,clay,Outdoor,Turkmen D.,Dinu C.,Ukf9o1b1,Q3wtrOvH,1/16-finals,2025-03-26,,,,,,,,,0,0,0,0.0,0.0,0.0,0.3584823153228115,0.6415176846771885,Dinu C.,28.3035369354377
W35 Antalya 4 ITF Women,clay,Outdoor,Kotliar Y.,Jones M.,QBLvktT9,zklD8eTM,1/16-finals,2025-03-26,,,,,,,,,0,0,0,0.0,0.0,0.0,0.3584823153228115,0.6415176846771885,Jones M.,28.3035369354377
W35 Antalya 4 ITF Women,clay,Outdoor,Samson L.,Chlpac A.,WQ5OxBkB,ttInPTAe,1/16-finals,2025-03-26,,,,,,,,,0,0,0,0.0,0.0,0.0,0.3584823153228115,0.6415176846771885,Chlpac A.,28.3035369354377
W35 Antalya 4 ITF Women,clay,Outdoor,Cakarevic S.,Rocchetti S.,4U3Rn6Sc,IJnvz0Yb,1/16-finals,2025-03-26,,,,,,,,,0,0,0,0.0,0.0,0.0,0.3584823153228115,0.6415176846771885,Rocchetti S.,28.3035369354377
W35 Antalya 4 ITF Women,clay,Outdoor,Sobolieva A.,Demidova D.,4AGU3dN1,UumN7sAb,1/16-finals,2025-03-26,,,,,,,,,0,0,0,0.0,0.0,0.0,0.3584823153228115,0.6415176846771885,Demidova D.,28.3035369354377
W35 Antalya 4 ITF Women,clay,Outdoor,Stankovic A.,Lovric P.,MVlyno90,tjmKNr7A,1/16-finals,2025-03-26,,,,,,,,,0,0,0,0.0,0.0,0.0,0.3584823153228115,0.6415176846771885,Lovric P.,28.3035369354377
W35 Antalya 4 ITF Women,clay,Outdoor,Kovackova J.,Ciric Bagaric L.,KjxcnQaN,CQrcqp08,1/16-finals,2025-03-26,,,,,,,,,0,0,0,0.0,0.0,0.0,0.3584823153228115,0.6415176846771885,Ciric Bagaric L.,28.3035369354377
W35 Antalya 4 ITF Women,clay,Outdoor,Herazo Gonzalez M.,Bosaia E.,QydF0vXo,0MyCrInh,1/16-finals,2025-03-26,,,,,,,,,0,0,0,0.0,0.0,0.0,0.3584823153228115,0.6415176846771885,Bosaia E.,28.3035369354377
W35 Antalya 4 ITF Women,clay,Outdoor,Glushkova D.,Bredberg Canizares D.,GCVy5Dvm,p8G6CEiE,1/16-finals,2025-03-26,,,,,,,,,0,0,0,0.0,0.0,0.0,0.3584823153228115,0.6415176846771885,Bredberg Canizares D.,28.3035369354377
"M25 Calabasas, CA ITF Men",hard,Outdoor,Blanch Dar.,Maloney P.,67fP0sJ3,O0rbwCc1,1/16-finals,2025-03-26,685.0,413.0,42.0,116.0,272.0,-74.0,549.0,,0,0,0,0.0,0.0,0.0,0.3944698976797002,0.6055301023202998,Maloney P.,21.10602046405996
"M25 Calabasas, CA ITF Men",hard,Outdoor,Martin A.,Frusina A.,h2AG5rdm,SYj8i1Zj,1/16-finals,2025-03-26,494.0,1576.0,82.0,3.0,-1082.0,79.0,1035.0,,0,0,0,0.0,0.0,0.0,0.3414427324606949,0.6585572675393051,Frusina A.,31.71145350786102
"M25 Calabasas, CA ITF Men",hard,Outdoor,Monday J.,Johnston N.,AZ8DoX8b,Uur39aU7,1/16-finals,2025-03-26,288.0,1619.0,186.0,2.0,-1331.0,184.0,953.5,,0,0,0,0.0,0.0,0.0,0.33331901442301304,0.666680985576987,Johnston N.,33.33619711539739
"M25 Calabasas, CA ITF Men",hard,Outdoor,Nanda G.,Homberg M.,YybLIQyl,f54w66h2,1/16-finals,2025-03-26,391.0,876.0,122.0,21.0,-485.0,101.0,633.5,,0,0,0,0.0,0.0,0.0,0.3330688455336806,0.6669311544663195,Homberg M.,33.38623089326388
"M25 Calabasas, CA ITF Men",hard,Outdoor,Chopra K.,Dostanic S.,vmW1Kg5g,jiqOrpb5,1/16-finals,2025-03-26,1239.0,485.0,7.0,84.0,754.0,-77.0,862.0,,0,0,0,0.0,0.0,0.0,0.37787687248889684,0.6221231275111032,Dostanic S.,24.424625502220632
"M25 Calabasas, CA ITF Men",hard,Outdoor,Kirchheimer S.,Strode I.,AebXIVfC,AZQVo1Ip,1/16-finals,2025-03-26,604.0,895.0,54.0,20.0,-291.0,34.0,749.5,,0,0,0,0.0,0.0,0.0,0.33233773616665674,0.6676622638333433,Strode I.,33.532452766668655
"M25 Calabasas, CA ITF Men",hard,Outdoor,Murgett F.,Poertner L.,EcIrRrO5,6JKk3IWe,1/16-finals,2025-03-26,,868.0,,22.0,,,,,0,0,0,0.0,0.0,0.0,0.3416297938538007,0.6583702061461993,Poertner L.,31.674041229239858
"M25 Calabasas, CA ITF Men",hard,Outdoor,Strode E.,Brumm J.,A7RvGCDF,bo0dpKSC,1/16-finals,2025-03-26,971.0,620.0,16.0,52.0,351.0,-36.0,795.5,,0,0,0,0.0,0.0,0.0,0.39115513777129374,0.6088448622287063,Brumm J.,21.76897244574125
"M25 Calabasas, CA ITF Men",hard,Outdoor,Dickerson R.,Martin T.,KKc7qpgc,ncOklfIk,1/16-finals,2025-03-26,1298.0,827.0,6.0,25.0,471.0,-19.0,1062.5,,0,0,0,0.0,0.0,0.0,0.3820406546348819,0.6179593453651181,Martin T.,23.59186907302362
"M25 Calabasas, CA ITF Men",hard,Outdoor,Gray A.,Fix D.,2PmpIG6p,ILxTqGqU,1/16-finals,2025-03-26,427.0,1095.0,111.0,11.0,-668.0,100.0,761.0,,0,0,0,0.0,0.0,0.0,0.3372368786937104,0.6627631213062897,Fix D.,32.552624261257925
"M25 Calabasas, CA ITF Men",hard,Outdoor,Hohmann R.,Nuno R.,YuYFR8Q1,OAvtMzLG,1/16-finals,2025-03-26,1339.0,,5.0,,,,,,0,0,0,0.0,0.0,0.0,0.43141574192468857,0.5685842580753114,Nuno R.,13.716851615062286
"M25 Calabasas, CA ITF Men",hard,Outdoor,McKennon M.,Rodriguez R.,AgqRXYce,GUKsGe51,1/16-finals,2025-03-26,668.0,1128.0,45.0,10.0,-460.0,35.0,898.0,,0,0,0,0.0,0.0,0.0,0.33306485881443554,0.6669351411855644,Rodriguez R.,33.387028237112894
Miami ATP,hard,Outdoor,Zverev A.,Fils A.,dGbUhw9m,IoIhUqIN,1/8-finals,2025-03-26,2.0,18.0,7945.0,2480.0,-16.0,5465.0,10.0,,1,3,-2,0.0,0.0,0.0,0.4704243343072503,0.5295756656927497,Fils A.,5.915133138549944
Miami ATP,hard,Outdoor,Cerundolo F.,Dimitrov G.,lWQ3G6gB,SQgEEKh4,Quarter-finals,2025-03-26,24.0,15.0,1925.0,2745.0,9.0,-820.0,19.5,,1,0,1,0.0,0.0,0.0,0.4636081010204773,0.5363918989795227,Dimitrov G.,7.278379795904543
Miami ATP,hard,Outdoor,Korda S.,Djokovic N.,SYklCTPO,AZg49Et9,Quarter-finals,2025-03-26,25.0,5.0,1860.0,3860.0,20.0,-2000.0,15.0,,0,1,-1,0.0,0.0,0.0,0.38183847818405214,0.6181615218159479,Djokovic N.,23.632304363189572
Miami WTA,hard,Outdoor,Eala A.,Swiatek I.,ppu9X7PH,jNyZsXZe,Quarter-finals,2025-03-26,,,,,,,,,0,0,0,0.0,0.0,0.0,0.3584823153228115,0.6415176846771885,Swiatek I.,28.3035369354377
Miami WTA,hard,Outdoor,Raducanu E.,Pegula J.,YmIZde1B,KdojxrAR,Quarter-finals,2025-03-26,,,,,,,,,0,0,0,0.0,0.0,0.0,0.3584823153228115,0.6415176846771885,Pegula J.,28.3035369354377
